,Date,SP500 Compound,SP500 Negative,SP500 Neutral,SP500 Positive,SP500 Text,Cramer Compound,Cramer Negative,Cramer Neutral,Cramer Positive,Cramer Text,Trump Compound,Trump Negative,Trump Neutral,Trump Positive,Trump Text,Dimon Compound,Dimon Negative,Dimon Neutral,Dimon Positive,Dimon Text,Blankfein Compound,Blankfein Negative,Blankfein Neutral,Blankfein Positive,Blankfein Text,Solomon Compound,Solomon Negative,Solomon Neutral,Solomon Positive,Solomon Text,Corbat Compound,Corbat Negative,Corbat Neutral,Corbat Positive,Corbat Text,Lead economists Compound,Lead economists Negative,Lead economists Neutral,Lead economists Positive,Lead economists Text,FED Compound,FED Negative,FED Neutral,FED Positive,FED Text,Fink Compound,Fink Negative,Fink Neutral,Fink Positive,Fink Text
0,2021-03-18 17:52:23,0.2732,0.088,0.769,0.143,"photo by jetcityimage/istock editorial via getty images
it looks like the pain is over for retail chain five below (nasdaq:five). after effectively going dormant for several weeks in 2020, a result … [+4354 chars]",,,,,,,,,,,,,,,,,,,,,,,,,,,,,,,,,,,,,,,,,,,,,
1,2021-03-18 17:45:00,0.5574,0.059,0.782,0.159,"* 10-yr u.s. yield tops 1.75% as investors digest fed
* s&amp;p 500 drops, tech-heavy nasdaq slumps
* msci global index little changed as europes stoxx gains
* dollar recovers from post-fed drop, … [+2895 chars]",,,,,,,,,,,,,,,,,,,,,,,,,,,,,,,,,,,,,,,,,,,,,
2,2021-03-18 17:42:00,0.6908,0.0,0.817,0.183,"do you like roller coasters? according to deutsche bank, were looking at some roller coaster volatility for the next few months, with near-term gains likely, followed by a q2 retreat, and second-half… [+8788 chars]",,,,,,,,,,,,,,,,,,,,,,,,,,,,,,,,,,,,,,,,,,,,,
3,2021-03-18 17:42:00,0.6908,0.0,0.817,0.183,"do you like roller coasters? according to deutsche bank, were looking at some roller coaster volatility for the next few months, with near-term gains likely, followed by a q2 retreat, and second-half… [+8788 chars]",,,,,,,,,,,,,,,,,,,,,,,,,,,,,,,,,,,,,,,,,,,,,
4,2021-03-18 17:39:37,-0.7189,0.18,0.82,0.0,"photo by mark makela/getty images news via getty images
the fed gave the equity market exactly what it wanted, lower for as long as possible. unfortunately, the bond market doesn't seem as pleased, … [+6400 chars]",,,,,,,,,,,,,,,,,,,,,,,,,,,,,,,,,,,,,,,,,,,,,
5,2021-03-18 17:37:00,0.6908,0.0,0.817,0.183,"do you like roller coasters? according to deutsche bank, were looking at some roller coaster volatility for the next few months, with near-term gains likely, followed by a q2 retreat, and second-half… [+8788 chars]",,,,,,,,,,,,,,,,,,,,,,,,,,,,,,,,,,,,,,,,,,,,,
6,2021-03-18 17:35:02,0.0258,0.069,0.859,0.072,"the dow has gained 137.39 points, or 0.4%, to 33,152.76, trouncing the 
 s&amp;p 500,
 which has fallen 0.5%, and the nasdaq composite, which is off 1.5%. the 
 invesco qqq
 exchange-traded fund … [+1929 chars]",,,,,,,,,,,,,,,,,,,,,,,,,,,,,,,,,,,,,,,,,,,,,
7,2021-03-18 17:34:00,0.6908,0.0,0.817,0.183,"do you like roller coasters? according to deutsche bank, were looking at some roller coaster volatility for the next few months, with near-term gains likely, followed by a q2 retreat, and second-half… [+8788 chars]",,,,,,,,,,,,,,,,,,,,,,,,,,,,,,,,,,,,,,,,,,,,,
8,2021-03-18 17:33:35,-0.2263,0.06,0.94,0.0,"photo by balkanscat/istock editorial via getty images
elevator pitch
 i maintain my neutral rating on miniso group holding limited (mnso).
 this represents an update of my initiation article for m… [+9666 chars]",,,,,,,,,,,,,,,,,,,,,,,,,,,,,,,,,,,,,,,,,,,,,
9,2021-03-18 17:32:08,0.4588,0.0,0.906,0.094,"accenture plc (nyse:acn) q2 2021 earnings conference call march 18, 2021 8:00 am et

company participants

angie park - managing director and head, investor relations

julie sweet - chief executiv… [+52895 chars]",,,,,,,,,,,,,,,,,,,,,,,,,,,,,,,,,,,,,,,,,,,,,
10,2021-03-18 17:31:00,0.6908,0.0,0.817,0.183,"do you like roller coasters? according to deutsche bank, were looking at some roller coaster volatility for the next few months, with near-term gains likely, followed by a q2 retreat, and second-half… [+8788 chars]",,,,,,,,,,,,,,,,,,,,,,,,,,,,,,,,,,,,,,,,,,,,,
11,2021-03-18 17:30:00,0.6908,0.0,0.817,0.183,"do you like roller coasters? according to deutsche bank, were looking at some roller coaster volatility for the next few months, with near-term gains likely, followed by a q2 retreat, and second-half… [+8788 chars]",,,,,,,,,,,,,,,,,,,,,,,,,,,,,,,,,,,,,,,,,,,,,
12,2021-03-18 17:30:00,0.6908,0.0,0.817,0.183,"do you like roller coasters? according to deutsche bank, were looking at some roller coaster volatility for the next few months, with near-term gains likely, followed by a q2 retreat, and second-half… [+8788 chars]",,,,,,,,,,,,,,,,,,,,,,,,,,,,,,,,,,,,,,,,,,,,,
13,2021-03-18 17:30:00,0.6908,0.0,0.817,0.183,"do you like roller coasters? according to deutsche bank, were looking at some roller coaster volatility for the next few months, with near-term gains likely, followed by a q2 retreat, and second-half… [+8788 chars]",,,,,,,,,,,,,,,,,,,,,,,,,,,,,,,,,,,,,,,,,,,,,
14,2021-03-18 17:25:21,0.3818,0.0,0.918,0.082,"<ul><li>usd/jpy continues to consolidate close to the 109.00 level.</li><li>higher us bond yields mean the dollar is the best performing g10 currency, but the yen is holding up well.</li><li>risk-off… [+2322 chars]",,,,,,,,,,,,,,,,,,,,,,,,,,,,,,,,,,,,,,,,,,,,,
15,2021-03-18 17:22:13,0.0,0.0,1.0,0.0,"london stocks turned a corner as news started to come out of the us on thursday afternoon.
after trading down all day, the ftse 100 index of the capitals biggest companies flipped its fortunes at ar… [+3391 chars]",,,,,,,,,,,,,,,,,,,,,,,,,,,,,,,,,,,,,,,,,,,,,
16,2021-03-18 17:16:08,0.6808,0.0,0.833,0.167,"baron opportunity fund recently published its fourth-quarter commentary a copy of which can be downloaded here. during the fourth quarter of 2020, the baron opportunity fund returned 23.02% (institut… [+3344 chars]",,,,,,,,,,,,,,,,,,,,,,,,,,,,,,,,,,,,,,,,,,,,,
17,2021-03-18 17:11:30,0.0,0.0,1.0,0.0,"photo by fibonacci/istock via getty images
newmont corporation (nem) released q4 and full-year 2020 results on february 18. here is a summary of our take on the latest data set along with our update… [+7707 chars]",,,,,,,,,,,,,,,,,,,,,,,,,,,,,,,,,,,,,,,,,,,,,
18,2021-03-18 17:11:00,0.6908,0.0,0.817,0.183,"do you like roller coasters? according to deutsche bank, were looking at some roller coaster volatility for the next few months, with near-term gains likely, followed by a q2 retreat, and second-half… [+8788 chars]",,,,,,,,,,,,,,,,,,,,,,,,,,,,,,,,,,,,,,,,,,,,,
19,2021-03-18 17:02:22,-0.1027,0.056,0.898,0.046,"the s&amp;p 500 closes in on 4,000
we had five straight up days, now the stock market is looking at its second loss in the last three days. still, the s&amp;p 500 closed wednesday at another all-tim… [+1189 chars]",,,,,,,,,,,,,,,,,,,,,,,,,,,,,,,,,,,,,,,,,,,,,
20,2021-03-18 17:02:00,-0.3612,0.079,0.921,0.0,"industrial conglomerate 
 general electric
 is continuing its balance sheet transformation, unveiling wednesday the next phase of debt reduction to come after the company completes the sale of its … [+3601 chars]",,,,,,,,,,,,,,,,,,,,,,,,,,,,,,,,,,,,,,,,,,,,,
21,2021-03-18 17:01:00,0.6908,0.0,0.817,0.183,"do you like roller coasters? according to deutsche bank, were looking at some roller coaster volatility for the next few months, with near-term gains likely, followed by a q2 retreat, and second-half… [+8788 chars]",,,,,,,,,,,,,,,,,,,,,,,,,,,,,,,,,,,,,,,,,,,,,
22,2021-03-18 17:00:53,-0.0772,0.076,0.856,0.068,"all signs point to the fact that covid-19 has had a worse impact on women in the united states compared to men. with most schools operating through remote learning since early 2020, women, who are of… [+2146 chars]",,,,,,,,,,,,,,,,,,,,,,,,,,,,,,,,,,,,,,,,,,,,,
23,2021-03-18 17:00:00,0.4939,0.0,0.906,0.094,"photo by josien/istock via getty images
reit rankings: mall reits
(hoya capital real estate, co-produced with colorado wealth management)
 mall reit sector overview
 pushed over the edge by the p… [+13738 chars]",,,,,,,,,,,,,,,,,,,,,,,,,,,,,,,,,,,,,,,,,,,,,
24,2021-03-18 17:00:00,0.6908,0.0,0.817,0.183,"do you like roller coasters? according to deutsche bank, were looking at some roller coaster volatility for the next few months, with near-term gains likely, followed by a q2 retreat, and second-half… [+8788 chars]",,,,,,,,,,,,,,,,,,,,,,,,,,,,,,,,,,,,,,,,,,,,,
25,2021-03-18 17:00:00,-0.0516,0.081,0.843,0.076,"worries about a stock market bubble diminished this month after a sharp pullback in growth stocks brought down valuations.
the s&amp;p 500 currently trades for 22.6x this years earnings estimates an… [+7194 chars]",,,,,,,,,,,,,,,,,,,,,,,,,,,,,,,,,,,,,,,,,,,,,
26,2021-03-18 16:55:00,0.6908,0.0,0.817,0.183,"do you like roller coasters? according to deutsche bank, were looking at some roller coaster volatility for the next few months, with near-term gains likely, followed by a q2 retreat, and second-half… [+8788 chars]",,,,,,,,,,,,,,,,,,,,,,,,,,,,,,,,,,,,,,,,,,,,,
27,2021-03-18 16:55:00,0.4767,0.0,0.88,0.12,"fed chairman jerome powell.
pool/getty images
borrowing costs quickly picked up pace thursday as the benchmark 10-year treasury note yield surged to a fresh 14- month high, with the move pressuring… [+2265 chars]",,,,,,,,,,,,,,,,,,,,,,,,,,,,,,,,,,,,,,,,,,,,,
28,2021-03-18 16:52:28,0.4215,0.0,0.917,0.083,"photo by stanley45/e+ via getty images
nearly a million additional barrels per day
 in january 2021, u.s. president joe biden announced that he is revoking previously approved permits for the keyst… [+15188 chars]",,,,,,,,,,,,,,,,,,,,,,,,,,,,,,,,,,,,,,,,,,,,,
29,2021-03-18 16:49:00,0.6908,0.0,0.817,0.183,"do you like roller coasters? according to deutsche bank, were looking at some roller coaster volatility for the next few months, with near-term gains likely, followed by a q2 retreat, and second-half… [+8788 chars]",,,,,,,,,,,,,,,,,,,,,,,,,,,,,,,,,,,,,,,,,,,,,
30,2021-03-18 16:48:00,0.34,0.061,0.816,0.122,"only a day after analysts had hailed the victory of the federal reserve over traders doubting the central banks pledge to keep monetary policy easy for an extended period, bond yields rose sharply on… [+4938 chars]",,,,,,,,,,,,,,,,,,,,,,,,,,,,,,,,,,,,,,,,,,,,,
31,2021-03-18 16:46:30,0.4767,0.0,0.921,0.079,"photo by 1933bkk/istock via getty images
i've had prologis (pld) on my screen for months as the company was one of the biggest reit winners in 2020. some might recall that i said that i don't really… [+7200 chars]",,,,,,,,,,,,,,,,,,,,,,,,,,,,,,,,,,,,,,,,,,,,,
32,2021-03-18 16:46:00,0.6908,0.0,0.817,0.183,"do you like roller coasters? according to deutsche bank, were looking at some roller coaster volatility for the next few months, with near-term gains likely, followed by a q2 retreat, and second-half… [+8788 chars]",,,,,,,,,,,,,,,,,,,,,,,,,,,,,,,,,,,,,,,,,,,,,
33,2021-03-18 16:46:00,0.6908,0.0,0.817,0.183,"do you like roller coasters? according to deutsche bank, were looking at some roller coaster volatility for the next few months, with near-term gains likely, followed by a q2 retreat, and second-half… [+8788 chars]",,,,,,,,,,,,,,,,,,,,,,,,,,,,,,,,,,,,,,,,,,,,,
34,2021-03-18 16:45:00,0.6908,0.0,0.817,0.183,"do you like roller coasters? according to deutsche bank, were looking at some roller coaster volatility for the next few months, with near-term gains likely, followed by a q2 retreat, and second-half… [+8788 chars]",,,,,,,,,,,,,,,,,,,,,,,,,,,,,,,,,,,,,,,,,,,,,
35,2021-03-18 16:45:00,0.6908,0.0,0.817,0.183,"do you like roller coasters? according to deutsche bank, were looking at some roller coaster volatility for the next few months, with near-term gains likely, followed by a q2 retreat, and second-half… [+8788 chars]",,,,,,,,,,,,,,,,,,,,,,,,,,,,,,,,,,,,,,,,,,,,,
36,2021-03-18 16:42:00,0.6908,0.0,0.817,0.183,"do you like roller coasters? according to deutsche bank, were looking at some roller coaster volatility for the next few months, with near-term gains likely, followed by a q2 retreat, and second-half… [+8788 chars]",,,,,,,,,,,,,,,,,,,,,,,,,,,,,,,,,,,,,,,,,,,,,
37,2021-03-18 16:41:00,0.2144,0.103,0.797,0.1,"march madness isnt quit the same during a pandemic, with social distancing keeping folks out of bars and arenas. but one area that actually may benefit from the strange conditions around this years n… [+7545 chars]",,,,,,,,,,,,,,,,,,,,,,,,,,,,,,,,,,,,,,,,,,,,,
38,2021-03-18 16:37:17,0.0,0.0,1.0,0.0,"photo by panuwat sikham/istock via getty images
voyager digital (otcqb:vygvf) is a smaller cap that gives investors exposure to the bitcoin and crypto trading trend at a reasonable valuation. the co… [+22409 chars]",,,,,,,,,,,,,,,,,,,,,,,,,,,,,,,,,,,,,,,,,,,,,
39,2021-03-18 16:37:00,0.296,0.0,0.932,0.068,"nikola (ticker: nkla) stock is down 7.1% in midday trading to $15.22 a share. the 
 s&amp;p 500
 is down about 0.4%. south korean-based industrial company 
 hanwha
 (000880.korea), an early nikol… [+1180 chars]",,,,,,,,,,,,,,,,,,,,,,,,,,,,,,,,,,,,,,,,,,,,,
40,2021-03-18 16:35:00,0.6908,0.0,0.817,0.183,"do you like roller coasters? according to deutsche bank, were looking at some roller coaster volatility for the next few months, with near-term gains likely, followed by a q2 retreat, and second-half… [+8788 chars]",,,,,,,,,,,,,,,,,,,,,,,,,,,,,,,,,,,,,,,,,,,,,
41,2021-03-18 16:30:00,0.6908,0.0,0.817,0.183,"do you like roller coasters? according to deutsche bank, were looking at some roller coaster volatility for the next few months, with near-term gains likely, followed by a q2 retreat, and second-half… [+8788 chars]",,,,,,,,,,,,,,,,,,,,,,,,,,,,,,,,,,,,,,,,,,,,,
42,2021-03-18 16:30:00,0.6908,0.0,0.817,0.183,"do you like roller coasters? according to deutsche bank, were looking at some roller coaster volatility for the next few months, with near-term gains likely, followed by a q2 retreat, and second-half… [+8788 chars]",,,,,,,,,,,,,,,,,,,,,,,,,,,,,,,,,,,,,,,,,,,,,
43,2021-03-18 16:30:00,0.6908,0.0,0.817,0.183,"do you like roller coasters? according to deutsche bank, were looking at some roller coaster volatility for the next few months, with near-term gains likely, followed by a q2 retreat, and second-half… [+8788 chars]",,,,,,,,,,,,,,,,,,,,,,,,,,,,,,,,,,,,,,,,,,,,,
44,2021-03-18 16:26:53,-0.2263,0.061,0.939,0.0,"artisan partners limited partnership, a high value-added investment management firm, published its artisan mid cap fund fourth quarter 2020 investor letter a copy of which can be downloaded here. a r… [+3484 chars]",,,,,,,,,,,,,,,,,,,,,,,,,,,,,,,,,,,,,,,,,,,,,
45,2021-03-18 16:25:00,0.6908,0.0,0.817,0.183,"do you like roller coasters? according to deutsche bank, were looking at some roller coaster volatility for the next few months, with near-term gains likely, followed by a q2 retreat, and second-half… [+8788 chars]",,,,,,,,,,,,,,,,,,,,,,,,,,,,,,,,,,,,,,,,,,,,,
46,2021-03-18 16:22:14,0.6369,0.0,0.865,0.135,"in this article, we discussed billionaire nicholas pritzker's investment philosophy and his venture capital investments. we also discussed billionaire nicholas pritzker's tao capital's best stock ide… [+7061 chars]",,,,,,,,,,,,,,,,,,,,,,,,,,,,,,,,,,,,,,,,,,,,,
47,2021-03-18 16:22:00,0.6908,0.0,0.817,0.183,"do you like roller coasters? according to deutsche bank, were looking at some roller coaster volatility for the next few months, with near-term gains likely, followed by a q2 retreat, and second-half… [+8788 chars]",,,,,,,,,,,,,,,,,,,,,,,,,,,,,,,,,,,,,,,,,,,,,
48,2021-03-18 16:18:25,-0.2263,0.061,0.939,0.0,"artisan partners limited partnership, a high value-added investment management firm, published its artisan mid cap fund fourth quarter 2020 investor letter a copy of which can be downloaded here. a r… [+3364 chars]",,,,,,,,,,,,,,,,,,,,,,,,,,,,,,,,,,,,,,,,,,,,,
49,2021-03-18 16:17:40,-0.3182,0.095,0.845,0.06,"shares of peloton interactive inc. 
 pton,
 -3.10%
took a hit in afternoon trading thursday, after word got out of a note from chief executive john foley that he ""recently learned"" about a fatal a… [+705 chars]",,,,,,,,,,,,,,,,,,,,,,,,,,,,,,,,,,,,,,,,,,,,,
0,2021-03-18 05:08:00,,,,,,0.1027,0.058,0.847,0.095,"here are five things you must know for thursday, march 18:
1. -- nasdaq futures tumble as treasury yields climb
stock futures traded mostly lower thursday and nasdaq futures slumped as treasury yie… [+5925 chars]",,,,,,,,,,,,,,,,,,,,,,,,,,,,,,,,,,,,,,,,
1,2021-03-17 23:20:26,,,,,,-0.4215,0.078,0.922,0.0,the federal reserve triggered an afternoon rally in the stock market wednesday after officials looked past inflation fears and kept rates unchanged. cnbc's jim cramer said it was exactly the right ca… [+2014 chars],,,,,,,,,,,,,,,,,,,,,,,,,,,,,,,,,,,,,,,,
2,2021-03-17 08:00:00,,,,,,-0.2732,0.054,0.946,0.0,"here's what jim cramer had to say about some of the stocks that callers offered up during the ""mad money lightning round"" tuesday evening:
mp materials mp: ""this stock has had a big move up, but i s… [+1752 chars]",,,,,,,,,,,,,,,,,,,,,,,,,,,,,,,,,,,,,,,,
3,2021-03-17 05:03:00,,,,,,0.0516,0.031,0.932,0.037,"here are five things you must know for wednesday, march 17:
1. -- stock futures fall as wall street awaits the fed
stock futures fell modestly as investors awaited the federal reserve's assessment … [+5469 chars]",,,,,,,,,,,,,,,,,,,,,,,,,,,,,,,,,,,,,,,,
4,2021-03-17 00:10:40,,,,,,-0.872,0.248,0.752,0.0,"a year ago tuesday the s&amp;p 500 suffered its worst single-day decline in more than three decades in the midst of a severe weeks-long decline triggered by the global coronavirus pandemic.
stocks h… [+1238 chars]",,,,,,,,,,,,,,,,,,,,,,,,,,,,,,,,,,,,,,,,
5,2021-03-16 22:54:09,,,,,,0.6908,0.0,0.84,0.16,"high-end retail stocks have made strong gains in recent months, and recent trading activity could be signaling more upside on the horizon, cnbc's jim cramer said tuesday.
""the non-essential high-end… [+2570 chars]",,,,,,,,,,,,,,,,,,,,,,,,,,,,,,,,,,,,,,,,
6,2021-03-16 14:50:24,,,,,,0.7717,0.0,0.831,0.169,"cnbc's jim cramer said tuesday he believes it's a favorable environment for investors to put money to work in the u.s. stock market.
positive economic signs are abound, cramer said on ""squawk on the… [+2245 chars]",,,,,,,,,,,,,,,,,,,,,,,,,,,,,,,,,,,,,,,,
7,2021-03-16 09:58:00,,,,,,0.8225,0.071,0.689,0.24,"the nasdaq is rising tuesday as optimism about a recovery in the u.s. is increasing as vaccine distribution reports have been positive.
in the last episode of mad money, jim cramer celebrated 16 yea… [+2060 chars]",,,,,,,,,,,,,,,,,,,,,,,,,,,,,,,,,,,,,,,,
8,2021-03-16 05:15:00,,,,,,0.7096,0.0,0.852,0.148,"here are five things you must know for tuesday, march 16:
1. -- stock futures are mixed after s&amp;p 500's fifth day of gains
stock futures traded mixed tuesday after optimism over a u.s. recovery… [+5279 chars]",,,,,,,,,,,,,,,,,,,,,,,,,,,,,,,,,,,,,,,,
9,2021-03-15 23:30:00,,,,,,0.0,0.0,1.0,0.0,"with millions of americans set to receive another round of stimulus checks from the federal government, cnbc's jim cramer on monday advised investors on how to put that money to use in the stock mark… [+1983 chars]",,,,,,,,,,,,,,,,,,,,,,,,,,,,,,,,,,,,,,,,
10,2021-03-15 08:55:00,,,,,,0.6908,0.0,0.827,0.173,"stock futures rose monday and treasury yields came off one-year highs following the passage of the $1.9 trillion relief package for the u.s. economy.
here are some of the top movers during premarket… [+1772 chars]",,,,,,,,,,,,,,,,,,,,,,,,,,,,,,,,,,,,,,,,
11,2021-03-15 08:30:00,,,,,,0.7096,0.0,0.883,0.117,"stocks were rising this past week as the dow and s&amp;p 500 closed friday at record highs but some stocks in the past week didn't end the week positive.
jim cramer penned a letter sunday evening to… [+3678 chars]",,,,,,,,,,,,,,,,,,,,,,,,,,,,,,,,,,,,,,,,
12,2021-03-15 08:00:00,,,,,,0.0,0.0,1.0,0.0,"the cannabis sector was roaring higher this past week as several cannabis stocks surged as the dow and s&amp;p 500 close friday are record highs.
jim cramer penned a letter sunday evening to his cri… [+4716 chars]",,,,,,,,,,,,,,,,,,,,,,,,,,,,,,,,,,,,,,,,
13,2021-03-15 05:13:00,,,,,,0.6249,0.0,0.87,0.13,"here are five things you must know for monday, march 15:
1. -- stock futures rise as confidence grows in economy's recovery 
stock futures rose monday and treasury yields came off one-year highs fo… [+5316 chars]",,,,,,,,,,,,,,,,,,,,,,,,,,,,,,,,,,,,,,,,
14,2021-03-11 05:07:00,,,,,,0.3182,0.072,0.797,0.131,"here are five things you must know for thursday, march 11:
1. -- stock futures rise as inflation worries ease
stock futures rose thursday as a weaker-than-expected report on u.s. inflation calmed w… [+5918 chars]",,,,,,,,,,,,,,,,,,,,,,,,,,,,,,,,,,,,,,,,
15,2021-03-10 14:29:33,,,,,,0.0,0.0,1.0,0.0,"stocks are moving higher wednesday following tuesday's tech-lead rally on wall street and a soft february u.s. inflation reading.
a softer-than-expected reading for core february inflation has bond … [+1640 chars]",,,,,,,,,,,,,,,,,,,,,,,,,,,,,,,,,,,,,,,,
16,2021-03-09 16:44:00,,,,,,0.0,0.0,1.0,0.0,the tech-heavy nasdaq was rising tuesday and semiconductor stocks continued to march higher as the dow jones is up over 200 points and the s&amp;p 500 was up over 70 points. the nasdaq bounced back f… [+3173 chars],,,,,,,,,,,,,,,,,,,,,,,,,,,,,,,,,,,,,,,,
17,2021-03-08 16:06:17,,,,,,-0.1027,0.063,0.886,0.051,"stocks were up monday and tech stocks turned higher, shrugging off a rise in treasury bond yields.
equities had been lower in premarket trading prior to a report from cnbc that appaloosa management’… [+2544 chars]",,,,,,,,,,,,,,,,,,,,,,,,,,,,,,,,,,,,,,,,
18,2021-03-08 11:08:00,,,,,,0.0,0.0,1.0,0.0,"general electric (ge) has been hot of late, to say the least... in a volatile environment at that. bear in mind that ge is in the news this morning, and that the firm's investor day is this wednesday… [+5572 chars]",,,,,,,,,,,,,,,,,,,,,,,,,,,,,,,,,,,,,,,,
19,2021-03-08 05:10:00,,,,,,0.0,0.0,1.0,0.0,"here are five things you must know for monday, march 8:
1. -- nasdaq futures fall sharply, oil prices steady
stock futures fell monday with nasdaq futures sinking sharply as investors continue to q… [+5076 chars]",,,,,,,,,,,,,,,,,,,,,,,,,,,,,,,,,,,,,,,,
20,2021-03-06 00:14:33,,,,,,-0.0258,0.075,0.853,0.072,"cnbc's jim cramer said the jobs report from the labor department friday satisfied markets, at least for the interim.
the u.s. economy added 379,000 jobs last month and the unemployment rate inched d… [+5030 chars]",,,,,,,,,,,,,,,,,,,,,,,,,,,,,,,,,,,,,,,,
21,2021-03-05 21:16:45,,,,,,0.0,0.0,1.0,0.0,"stocks saw a major reversal on friday.
after selling off, the dow, s&amp;p 500 and nasdaq all rebounded in the afternoon session as investors digested a better-than-expected jobs report.
nonfarm pa… [+4489 chars]",,,,,,,,,,,,,,,,,,,,,,,,,,,,,,,,,,,,,,,,
22,2021-03-05 10:15:29,,,,,,-0.0258,0.03,0.97,0.0,"here are five things you must know for friday, march 5:
1. -- stock futures slip ahead of jobs report
stock futures declined friday as investors awaited the monthly u.s. jobs report in a week that … [+5656 chars]",,,,,,,,,,,,,,,,,,,,,,,,,,,,,,,,,,,,,,,,
23,2021-03-05 08:00:00,,,,,,-0.5302,0.115,0.885,0.0,"here's what jim cramer had to say about some of the stocks that callers offered up during the ""mad money lightning round"" thursday evening:
equinix  (eqix) - get report: ""people don't want to own re… [+1655 chars]",,,,,,,,,,,,,,,,,,,,,,,,,,,,,,,,,,,,,,,,
24,2021-03-05 00:10:47,,,,,,-0.8074,0.173,0.827,0.0,"in the face of a brutal market sell-off that has knocked u.s. stock averages of their highs, cnbc's jim cramer on thursday said the market must run through the grief cycle before investors may spot t… [+3095 chars]",,,,,,,,,,,,,,,,,,,,,,,,,,,,,,,,,,,,,,,,
25,2021-03-04 19:21:00,,,,,,0.2732,0.0,0.94,0.06,"in this episode of industry focus: energy, host nick sciple is joined by motley fool's anand chokkavelu and jason hall to discuss the role that gold, bitcoin, and other so-called ""alternative"" assets… [+34010 chars]",,,,,,,,,,,,,,,,,,,,,,,,,,,,,,,,,,,,,,,,
26,2021-03-04 07:23:00,,,,,,0.4215,0.057,0.842,0.101,"blood on the saddle
there was blood on the saddle and blood all around
and a great big puddle of blood on the ground.
-everett cheetham (performed by tex ritter), 1945
victims
after a couple of … [+8235 chars]",,,,,,,,,,,,,,,,,,,,,,,,,,,,,,,,,,,,,,,,
27,2021-03-04 00:05:01,,,,,,0.8225,0.0,0.783,0.217,"strong stocks are in free fall and beaten-down names are on the rise as market players adjust their portfolios to take advantage of a potentially sharp economic recovery, cnbc's jim cramer said wedne… [+3106 chars]",,,,,,,,,,,,,,,,,,,,,,,,,,,,,,,,,,,,,,,,
28,2021-03-03 08:02:00,,,,,,-0.4939,0.088,0.912,0.0,"here's what jim cramer had to say about some of the stocks that callers offered up during the ""mad money lightning round"" tuesday evening:
cognyte software  (cgnt) : ""this is cybersecurity. my favor… [+1861 chars]",,,,,,,,,,,,,,,,,,,,,,,,,,,,,,,,,,,,,,,,
29,2021-03-03 00:54:13,,,,,,0.5423,0.0,0.909,0.091,"the stock market is riding on reopening optimism, causing tech stocks to fall and cyclical stocks to rise in tuesday's session, cnbc's jim cramer said.
while the major averages were all down at the … [+2635 chars]",,,,,,,,,,,,,,,,,,,,,,,,,,,,,,,,,,,,,,,,
30,2021-03-02 12:17:00,,,,,,-0.4215,0.074,0.926,0.0,"the market took off yesterday in a rally that saw the dow jones industrial average rally over 600 points, but the dow, nasdaq and s&amp;p 500 all pointed lower in intraday trading tuesday. 
so, what… [+4060 chars]",,,,,,,,,,,,,,,,,,,,,,,,,,,,,,,,,,,,,,,,
31,2021-03-02 08:41:00,,,,,,0.5267,0.0,0.876,0.124,"stocks are mixed tuesday following its strongest rally since june in trading on monday, with investors continuing to eye bond markets and inflation data as the economy extends its post-covid recovery… [+2266 chars]",,,,,,,,,,,,,,,,,,,,,,,,,,,,,,,,,,,,,,,,
32,2021-03-02 00:28:12,,,,,,0.25,0.0,0.941,0.059,"cnbc's jim cramer on monday pulled back the curtain on five under-the-radar reopening plays as the stock market anticipates a resurgence in the american economy, turning his attention from the most t… [+2731 chars]",,,,,,,,,,,,,,,,,,,,,,,,,,,,,,,,,,,,,,,,
33,2021-03-02 00:10:55,,,,,,-0.7906,0.222,0.778,0.0,"cnbc's jim cramer advised investors monday to stay the course after the stock market rebounded one session after suffering back-to-back weekly losses.
the s&amp;p 500, facing pressure from inflation… [+2186 chars]",,,,,,,,,,,,,,,,,,,,,,,,,,,,,,,,,,,,,,,,
34,2021-03-01 05:12:00,,,,,,0.1531,0.0,0.957,0.043,"here are five things you must know for monday, march 1:
1. -- stock futures point higher as bonds stabilize
stock futures pointed to a solid open for wall street monday as the bond market stabilize… [+6058 chars]",,,,,,,,,,,,,,,,,,,,,,,,,,,,,,,,,,,,,,,,
35,2021-02-27 01:04:29,,,,,,0.3182,0.064,0.82,0.116,"cnbc's jim cramer said that he was encouraged by the trading activity he saw in tech and growth stocks as the market on friday continued to grapple with fears that inflation is on the rise.
he warne… [+4404 chars]",,,,,,,,,,,,,,,,,,,,,,,,,,,,,,,,,,,,,,,,
36,2021-02-26 14:17:00,,,,,,0.0,0.0,1.0,0.0,"the investing world will turn its eyes towards omaha, neb. on saturday as warren buffett's berkshire hathaway reports fourth-quarter earnings and releases its annual letter to shareholders.
berkshir… [+1909 chars]",,,,,,,,,,,,,,,,,,,,,,,,,,,,,,,,,,,,,,,,
37,2021-02-26 05:09:00,,,,,,0.2263,0.0,0.946,0.054,"here are five things you must know for friday, feb. 26:
1. -- stock futures waver after selloff
stock futures fluctuated friday following a sharp selloff that sank both equities and treasuries.
co… [+6316 chars]",,,,,,,,,,,,,,,,,,,,,,,,,,,,,,,,,,,,,,,,
38,2021-02-26 01:13:14,,,,,,-0.8126,0.24,0.697,0.062,"the debt market continued to weigh on the stock market thursday, triggering another brutal sell-off that hurt growth names especially, cnbc's jim cramer said.
""the bond market sees the economy getti… [+2449 chars]",,,,,,,,,,,,,,,,,,,,,,,,,,,,,,,,,,,,,,,,
39,2021-02-26 00:48:35,,,,,,0.8658,0.0,0.767,0.233,"nvidia ceo jensen huang told cnbc on thursday he was confident in the company's growth story, even if its potential blockbuster acquisition of british chip designer arm does not happen.
""nvidia is g… [+2637 chars]",,,,,,,,,,,,,,,,,,,,,,,,,,,,,,,,,,,,,,,,
40,2021-02-25 23:09:41,,,,,,-0.6249,0.161,0.79,0.049,"dow jones futures were little changed thursday night, along with s&amp;p 500 futures and nasdaq futures. the stock market rally suffered heavy losses thursday as the 10-year treasury yields continued… [+7987 chars]",,,,,,,,,,,,,,,,,,,,,,,,,,,,,,,,,,,,,,,,
41,2021-02-25 19:21:41,,,,,,-0.4767,0.141,0.807,0.052,stocks fell sharply thursday and treasury yields hit a one-year high as fears of higher inflation resurfaced despite federal reserve chairman jerome powell downplaying the risks of increasing price p… [+1947 chars],,,,,,,,,,,,,,,,,,,,,,,,,,,,,,,,,,,,,,,,
42,2021-02-25 05:13:00,,,,,,0.0,0.0,1.0,0.0,"here are five things you must know for thursday, feb. 25:
1. -- stock futures fluctuate after dow sets record high
stock futures fluctuated thursday and bonds tumbled as federal reserve chairman je… [+5220 chars]",,,,,,,,,,,,,,,,,,,,,,,,,,,,,,,,,,,,,,,,
43,2021-02-25 01:56:15,,,,,,0.6249,0.0,0.863,0.137,"stock in gamestop and amc found another leg to run on wednesday, posting their strongest day of trading since an internet-fueled short squeeze sent their share prices to the stratosphere last month.… [+1937 chars]",,,,,,,,,,,,,,,,,,,,,,,,,,,,,,,,,,,,,,,,
44,2021-02-24 21:38:00,,,,,,0.0,0.0,1.0,0.0,"the dow jones industrial average traded higher in today's stock market as the blue chip index led the major indexes on the upside. over the past hour of trading, the major indexes continued trading n… [+3443 chars]",,,,,,,,,,,,,,,,,,,,,,,,,,,,,,,,,,,,,,,,
45,2021-02-24 13:17:05,,,,,,0.2716,0.0,0.945,0.055,"here are the most important news, trends and analysis that investors need to start their trading day:
1. stocks set to rise after tuesday's turnaround on wall street
traders work on the floor of th… [+4571 chars]",,,,,,,,,,,,,,,,,,,,,,,,,,,,,,,,,,,,,,,,
46,2021-02-24 05:10:00,,,,,,0.4019,0.0,0.93,0.07,"here are five things you must know for wednesday, feb. 24:
1. -- stock futures rise as fed pledges continued support
stock futures traded higher wednesday after the s&amp;p 500 rose for the first t… [+5502 chars]",,,,,,,,,,,,,,,,,,,,,,,,,,,,,,,,,,,,,,,,
47,2021-02-24 00:50:12,,,,,,0.3818,0.0,0.923,0.077,"cnbc's jim cramer advised that market players have two ways to approach high-flying growth stocks that teetered and tottered their way through a volatile session on wall street tuesday.
investors ca… [+3427 chars]",,,,,,,,,,,,,,,,,,,,,,,,,,,,,,,,,,,,,,,,
48,2021-02-23 23:23:16,,,,,,0.0387,0.042,0.913,0.046,"people are no longer stocking up on household supplies like they did in the early days of the coronavirus pandemic, but procter &amp; gamble chairman and ceo david taylor told cnbc on tuesday that th… [+2411 chars]",,,,,,,,,,,,,,,,,,,,,,,,,,,,,,,,,,,,,,,,
49,2021-02-23 21:15:00,,,,,,-0.4939,0.086,0.914,0.0,"here's what cramer had to say about some of the stocks that callers offered up during the mad money lightning round tuesday evening:
vertex pharmaceuticals  (vrtx) - get report: ""i don't know why th… [+2176 chars]",,,,,,,,,,,,,,,,,,,,,,,,,,,,,,,,,,,,,,,,
0,2021-03-18 13:17:48,,,,,,,,,,,-0.0258,0.074,0.826,0.099,nasdaq and s&amp;p 500 futures fell thursday as the 10-year treasury yield surged to a 14-month high. the tech-heavy nasdaq reversed steep losses wednesday as treasury yields came off their highs of … [+7608 chars],,,,,,,,,,,,,,,,,,,,,,,,,,,,,,,,,,,
1,2021-03-18 11:38:54,,,,,,,,,,,0.4391,0.0,0.897,0.103,"here are the most important news, trends and analysis that investors need to start their trading day:
1. nasdaq, s&amp;p 500 futures hit by another jump in treasury yields
a man walks in front nasd… [+4416 chars]",,,,,,,,,,,,,,,,,,,,,,,,,,,,,,,,,,,
2,2021-03-18 10:20:00,,,,,,,,,,,0.4404,0.0,0.929,0.071,"as the vaccine rollout ramps up, the end of coronavirus pandemic in just about in sight. in turn, investors have begun to focus more on a recovery and stocks that will be good buys once covid-19 is a… [+5061 chars]",,,,,,,,,,,,,,,,,,,,,,,,,,,,,,,,,,,
3,2021-03-18 10:00:00,,,,,,,,,,,-0.3612,0.079,0.921,0.0,"march 18, 6:15 a.m. colby-sawyer college has made changes in its overflow quarantine housing, after the college's initial arrangements were criticized by students, wmur news reported.
eighteen stude… [+223757 chars]",,,,,,,,,,,,,,,,,,,,,,,,,,,,,,,,,,,
4,2021-03-18 04:00:29,,,,,,,,,,,0.7184,0.0,0.86,0.14,"today in history
today is thursday, march 18, the 77th day of 2021. there are 288 days left in the year.
todays highlight in history:
on march 18, 1963, the u.s. supreme court, in gideon v. wainwr… [+5431 chars]",,,,,,,,,,,,,,,,,,,,,,,,,,,,,,,,,,,
5,2021-03-18 04:00:00,,,,,,,,,,,0.3182,0.0,0.933,0.067,"in 1910, the first filmed adaptation of mary shelleys novel frankenstein, a silent short produced by thomas edisons new york movie studio, was released.
in 1911, irving berlins first major hit, alex… [+3852 chars]",,,,,,,,,,,,,,,,,,,,,,,,,,,,,,,,,,,
6,2021-03-17 23:38:04,,,,,,,,,,,-0.4215,0.076,0.924,0.0,"you have probably never heard of the artist known as beeple, but the 33 bidders in an online christie's sale last week apparently needed no introduction.
a two-week auction of his work everydays: th… [+9130 chars]",,,,,,,,,,,,,,,,,,,,,,,,,,,,,,,,,,,
7,2021-03-17 12:24:00,,,,,,,,,,,0.5859,0.0,0.866,0.134,dow futures were steady wednesday even as the 10-year treasury yield jumped to a new 13-month high ahead of the federal reserve's post-meeting release of new economic and interest rate projections an… [+9116 chars],,,,,,,,,,,,,,,,,,,,,,,,,,,,,,,,,,,
8,2021-03-17 11:44:48,,,,,,,,,,,0.2716,0.0,0.946,0.054,"here are the most important news, trends and analysis that investors need to start their trading day:
1. dow futures steady as bond yields rise ahead of fed meeting end
traders on the floor of the … [+4580 chars]",,,,,,,,,,,,,,,,,,,,,,,,,,,,,,,,,,,
9,2021-03-17 10:00:00,,,,,,,,,,,-0.128,0.045,0.955,0.0,"march 17, 6:03 a.m. student workers at kenyon college held a strike on monday over the restrictions placed on their working during the pandemic, the columbus dispatch reported.
kenyon does not recog… [+223267 chars]",,,,,,,,,,,,,,,,,,,,,,,,,,,,,,,,,,,
10,2021-03-17 07:35:27,,,,,,,,,,,-0.8316,0.262,0.738,0.0,"eingebetteter medieninhalt
dies ist die fortsetzung von jemenkrieg-mosaik 727, teil 1 / this is the sequel of yemen war mosaic 727, part 1:
https://www.freitag.de/autoren/dklose/jemenkrieg-mosaik-7… [+2368 chars]",,,,,,,,,,,,,,,,,,,,,,,,,,,,,,,,,,,
11,2021-03-16 17:50:42,,,,,,,,,,,-0.34,0.079,0.921,0.0,"predictably, conservatives are once again warning about inflation. this happens every time a democrat takes officeeven if he merely continues the identical policies of his republican predecessor.
un… [+11985 chars]",,,,,,,,,,,,,,,,,,,,,,,,,,,,,,,,,,,
12,2021-03-16 13:30:24,,,,,,,,,,,0.0,0.0,1.0,0.0,"a year after the stock market seemed on the verge of a meltdown, economic experts look back with a new perspective on black monday, and the last 12 months of record-setting ups and downs.
on march 1… [+7033 chars]",,,,,,,,,,,,,,,,,,,,,,,,,,,,,,,,,,,
13,2021-03-16 13:30:00,,,,,,,,,,,0.0,0.0,1.0,0.0,"a year after the stock market seemed on the verge of a meltdown, economic experts look back with a new perspective on black monday, and the last 12 months of record-setting ups and downs.
on march 1… [+6810 chars]",,,,,,,,,,,,,,,,,,,,,,,,,,,,,,,,,,,
14,2021-03-16 12:04:14,,,,,,,,,,,0.0,0.0,1.0,0.0,"liveupdated march 16, 2021, 8:08 a.m. et
march 16, 2021, 8:08 a.m. et
heres what you need to know:
the taiwanese electronics behemoth foxconn, which is aiming to become a contract manufacturer of … [+15750 chars]",,,,,,,,,,,,,,,,,,,,,,,,,,,,,,,,,,,
15,2021-03-16 10:00:00,,,,,,,,,,,0.0,0.0,1.0,0.0,"march 16, 6:13 a.m. the university of arizona will resume classes of up to 100 students later this month. since feb. 22, there has been a limit of 50 students.
president robert c. robbins said: ""we … [+222567 chars]",,,,,,,,,,,,,,,,,,,,,,,,,,,,,,,,,,,
16,2021-03-16 04:00:31,,,,,,,,,,,-0.5994,0.095,0.905,0.0,"today in history
today is tuesday, march 16, the 75th day of 2021. there are 290 days left in the year.
todays highlights in history:
on march 16, 1945, during world war ii, american forces declar… [+4780 chars]",,,,,,,,,,,,,,,,,,,,,,,,,,,,,,,,,,,
17,2021-03-16 04:00:01,,,,,,,,,,,0.4939,0.0,0.904,0.096,"in 1802, president thomas jefferson signed a measure authorizing the establishment of the us military academy at west point, n.y.
in 1926, rocket science pioneer robert h. goddard successfully teste… [+3574 chars]",,,,,,,,,,,,,,,,,,,,,,,,,,,,,,,,,,,
18,2021-03-15 18:38:00,,,,,,,,,,,0.2716,0.0,0.937,0.063,president joe biden on monday said local experts statements on covid-19 vaccinations are more important than anything former president donald trump could say. his comments came after dr. anthony fauc… [+1391 chars],,,,,,,,,,,,,,,,,,,,,,,,,,,,,,,,,,,
19,2021-03-15 18:26:51,,,,,,,,,,,-0.5423,0.129,0.827,0.044,"at this point, a reasonable person would be forced to admit
that a prediction of high inflation made in 2010 was based on faulty theory.
yet, few of those who signed the letter to bernanke owned up… [+5324 chars]",,,,,,,,,,,,,,,,,,,,,,,,,,,,,,,,,,,
20,2021-03-15 14:14:49,,,,,,,,,,,0.0,0.0,1.0,0.0,"in a capital note last week, i wrote about the debate over inflation (coming or not?). with the minor exception of a $1.9 trillion spending package now passed into law, not much has changed since the… [+37877 chars]",,,,,,,,,,,,,,,,,,,,,,,,,,,,,,,,,,,
21,2021-03-15 12:17:02,,,,,,,,,,,-0.7906,0.184,0.816,0.0,"why the war in ukraine may soon resume
several russia watchers - patrick armstrong, andrei martyanov and andrei raevsky - are musing about a renewed attack by the government of ukraine on its easter… [+76900 chars]",,,,,,,,,,,,,,,,,,,,,,,,,,,,,,,,,,,
22,2021-03-15 10:00:00,,,,,,,,,,,0.6908,0.0,0.853,0.147,"march 15, 6:14 a.m. stanford university said that it would welcome juniors and seniors back on campus for the spring term, which starts march 29.
""we have concluded that the conditions support movin… [+222106 chars]",,,,,,,,,,,,,,,,,,,,,,,,,,,,,,,,,,,
23,2021-03-15 02:16:02,,,,,,,,,,,0.0,0.0,1.0,0.0,"in a capital note last week, i wrote about the debate over inflation (coming or not?). with the minor exception of a $1.9 trillion spending package now passed into law, not much has changed since the… [+37877 chars]",,,,,,,,,,,,,,,,,,,,,,,,,,,,,,,,,,,
24,2021-03-14 23:55:55,,,,,,,,,,,-0.8238,0.236,0.724,0.041,there has never been agreement about what should be done to solve the ballooning u.s. debt problem. on one side are those who believe higher tax rates are needed to bring in desperately needed revenu… [+5384 chars],,,,,,,,,,,,,,,,,,,,,,,,,,,,,,,,,,,
25,2021-03-14 09:30:20,,,,,,,,,,,0.0,0.0,1.0,0.0,"in a capital note last week, i wrote about the debate over inflation (coming or not?). with the minor exception of a $1.9 trillion spending package now passed into law, not much has changed since the… [+37877 chars]",,,,,,,,,,,,,,,,,,,,,,,,,,,,,,,,,,,
26,2021-03-13 17:36:22,,,,,,,,,,,0.0,0.0,1.0,0.0,"in a capital note last week, i wrote about the debate over inflation (coming or not?). with the minor exception of a $1.9 trillion spending package now passed into law, not much has changed since the… [+37877 chars]",,,,,,,,,,,,,,,,,,,,,,,,,,,,,,,,,,,
27,2021-03-13 16:21:47,,,,,,,,,,,0.0,0.0,1.0,0.0,"in a capital note last week, i wrote about the debate over inflation (coming or not?). with the minor exception of a $1.9 trillion spending package now passed into law, not much has changed since the… [+37879 chars]",,,,,,,,,,,,,,,,,,,,,,,,,,,,,,,,,,,
28,2021-03-13 16:21:47,,,,,,,,,,,-0.4215,0.078,0.922,0.0,"jpmorgan ceo jamie dimon in 2019(jeenah moon/reuters)
the week of march 8: bond worries, bidens binge, the cult of asceticism, and much, much more.in a capital note last week, i wrote about the deba… [+38150 chars]",,,,,,,,,,,,,,,,,,,,,,,,,,,,,,,,,,,
29,2021-03-13 13:10:36,,,,,,,,,,,0.0,0.0,1.0,0.0,"file - in this nov. 16, 2020 file photo a man wearing a mask passes the new york stock exchange in new york. time stood still for most of the world in 2020, as lockdown life had every day bleeding in… [+24333 chars]",,,,,,,,,,,,,,,,,,,,,,,,,,,,,,,,,,,
30,2021-03-13 07:15:31,,,,,,,,,,,0.4767,0.0,0.919,0.081,"1. president biden on thursday signed the $1.9 trillion covid-19 relief package into law, setting into motion the distribution of checks of up to $1,400 to most americans and billions of dollars in a… [+8054 chars]",,,,,,,,,,,,,,,,,,,,,,,,,,,,,,,,,,,
31,2021-03-12 17:06:54,,,,,,,,,,,0.3612,0.0,0.932,0.068,"(bloomberg) -- a digital asset investor who goes by the handle metakovan and refuses to give his full name, announced that he is the buyer of the record-breaking $69.3 million digital artwork that so… [+5617 chars]",,,,,,,,,,,,,,,,,,,,,,,,,,,,,,,,,,,
32,2021-03-12 11:51:00,,,,,,,,,,,0.4767,0.0,0.916,0.084,"1.
president biden on thursday signed the $1.9 trillion covid-19 relief package into law, setting into motion the distribution of checks of up to $1,400 to most americans and billions of dollars in … [+8084 chars]",,,,,,,,,,,,,,,,,,,,,,,,,,,,,,,,,,,
33,2021-03-12 11:51:00,,,,,,,,,,,0.0258,0.079,0.789,0.132,thailand on friday became the first asian country to join a growing number of nations that have suspended use of the coronavirus vaccine developed by astrazeneca and the university of oxford due to r… [+627 chars],,,,,,,,,,,,,,,,,,,,,,,,,,,,,,,,,,,
34,2021-03-12 11:32:52,,,,,,,,,,,0.2716,0.0,0.946,0.054,"here are the most important news, trends and analysis that investors need to start their trading day:
1. nasdaq set to fall as tech stocks slump on rising bond yields
a man walks in front nasdaq bu… [+3805 chars]",,,,,,,,,,,,,,,,,,,,,,,,,,,,,,,,,,,
35,2021-03-12 11:00:00,,,,,,,,,,,0.0,0.0,1.0,0.0,"march 12, 6:17 a.m. the university of washington is asking members of the public to stay away -- and to view the university's famous cherry blossoms online.
the university invites people to view ""ch… [+221330 chars]",,,,,,,,,,,,,,,,,,,,,,,,,,,,,,,,,,,
36,2021-03-10 23:17:58,,,,,,,,,,,-0.5267,0.165,0.733,0.102,biden's stimulus package clears its final congressional hurdle. credit suisse managers are suspended amid a probe into the collapse of funds. warren buffett joins the $100 billion club. here's what p… [+6343 chars],,,,,,,,,,,,,,,,,,,,,,,,,,,,,,,,,,,
37,2021-03-10 22:48:20,,,,,,,,,,,0.5423,0.0,0.873,0.127,"u.s. president joe bidens $1.9 trillion covid-19 relief bill cleared its last hurdle wednesday, with the 
house passing the final version. biden plans to sign the 
legislation, his first major vict… [+5339 chars]",,,,,,,,,,,,,,,,,,,,,,,,,,,,,,,,,,,
38,2021-03-10 22:39:21,,,,,,,,,,,0.5423,0.0,0.87,0.13,"(bloomberg) -- president joe bidens $1.9 trillion covid-19 relief bill cleared its final congressional hurdle wednesday, with the house passing the bill on a 220-to-211 vote, sending it to the presid… [+8261 chars]",,,,,,,,,,,,,,,,,,,,,,,,,,,,,,,,,,,
39,2021-03-10 22:29:24,,,,,,,,,,,0.5423,0.0,0.87,0.13,"(bloomberg) -- president joe bidens $1.9 trillion covid-19 relief bill cleared its final congressional hurdle wednesday, with the house passing the bill on a 220-to-211 vote, sending it to the presid… [+8816 chars]",,,,,,,,,,,,,,,,,,,,,,,,,,,,,,,,,,,
40,2021-03-10 13:07:03,,,,,,,,,,,0.0,0.0,1.0,0.0,"a version of this story first appeared in cnn business' before the bell newsletter. not a subscriber? you can sign up right here.
london (cnn business)heading into 2021, most of wall street was in a… [+6164 chars]",,,,,,,,,,,,,,,,,,,,,,,,,,,,,,,,,,,
41,2021-03-10 11:00:00,,,,,,,,,,,0.0,0.0,1.0,0.0,"march 10, 6:14 a.m. the university of california, davis is offering 750 students $75 each to stay put during spring break, march 20-24.
chancellor gary s. may wrote that ""students have until 5 p.m. … [+220792 chars]",,,,,,,,,,,,,,,,,,,,,,,,,,,,,,,,,,,
42,2021-03-10 07:51:07,,,,,,,,,,,-0.5994,0.112,0.888,0.0,"eingebetteter medieninhalt
... biden ist immer noch ein ""falke"" im jemen wie joe biden donald trumps großen waffendeal mit den emiraten stoppen kann die emirate, eine wichtige militärmacht kämpfe um… [+128622 chars]",,,,,,,,,,,,,,,,,,,,,,,,,,,,,,,,,,,
43,2021-03-09 11:00:00,,,,,,,,,,,-0.2263,0.054,0.946,0.0,"march 9, 6:18 a.m. faculty and staff members in florida are protesting a policy of governor ron desantis, a republican, to offer vaccines to all employees at k-12 schools, but not to higher education… [+220170 chars]",,,,,,,,,,,,,,,,,,,,,,,,,,,,,,,,,,,
44,2021-03-08 22:28:05,,,,,,,,,,,-0.3412,0.077,0.923,0.0,"new york (ap) — in communities across the country, local pharmacy owners are among the people administering covid-19 vaccinations. it’s not easy — being a vaccine provider requires a big investment o… [+5339 chars]",,,,,,,,,,,,,,,,,,,,,,,,,,,,,,,,,,,
45,2021-03-08 12:27:00,,,,,,,,,,,0.4767,0.0,0.912,0.088,u.s. stock index futures fell slightly early monday after the senate passed a $1.9 trillion coronavirus relief bill over the weekend. futures for the dow jones industrial average were flat several ho… [+691 chars],,,,,,,,,,,,,,,,,,,,,,,,,,,,,,,,,,,
46,2021-03-08 11:00:00,,,,,,,,,,,-0.0772,0.086,0.836,0.078,"march 8, 6:12 a.m. a hockey game between utica college and elmira college was suspended on saturday, due to covid-19.
utica tweeted, ""in accordance with covid-19 health and safety protocols, tonight… [+219429 chars]",,,,,,,,,,,,,,,,,,,,,,,,,,,,,,,,,,,
47,2021-03-07 11:00:00,,,,,,,,,,,0.0644,0.046,0.901,0.053,"at a time when bitcoin is soaring and day-traders are taking on hedge funds, bonds can seem pretty dull.
but the bond market has sprung back to life over the past few weeks and reminded investors ju… [+5168 chars]",,,,,,,,,,,,,,,,,,,,,,,,,,,,,,,,,,,
48,2021-03-07 09:04:59,,,,,,,,,,,0.9169,0.0,0.683,0.317,"by tom konrad, ph.d., cfa
2020 ended with a massive spike in clean energy stock prices.  from the end of october, election euphoria drove invesco wilderhill clean energy etf (pbw) from $63.32 to $13… [+4344 chars]",,,,,,,,,,,,,,,,,,,,,,,,,,,,,,,,,,,
49,2021-03-07 03:59:54,,,,,,,,,,,0.0516,0.083,0.828,0.089,"welcome to the capital note, a newsletter about business, finance, and economics. on the menu today: inflation fears, art laffer (podcast), the economics of space, another argentinian default (maybe)… [+21910 chars]",,,,,,,,,,,,,,,,,,,,,,,,,,,,,,,,,,,
0,2021-03-16 07:37:59,,,,,,,,,,,,,,,,0.5106,0.0,0.918,0.082,"u.s. banks are sitting on a pile of cash that could turn into billions of dollars of profits.in the coming months, banks are expected to free up tens of billions of dollars in reserves they set aside… [+4529 chars]",,,,,,,,,,,,,,,,,,,,,,,,,,,,,,
1,2021-03-15 14:14:49,,,,,,,,,,,,,,,,0.0,0.0,1.0,0.0,"in a capital note last week, i wrote about the debate over inflation (coming or not?). with the minor exception of a $1.9 trillion spending package now passed into law, not much has changed since the… [+37877 chars]",,,,,,,,,,,,,,,,,,,,,,,,,,,,,,
2,2021-03-15 11:44:52,,,,,,,,,,,,,,,,0.5106,0.0,0.916,0.084,"u.s.banks are sitting on a pile of cash that could turn into billions of dollars of profits.in the coming months, banks are expected to free up tens of billions of dollars in reserves they set aside … [+4527 chars]",,,,,,,,,,,,,,,,,,,,,,,,,,,,,,
3,2021-03-15 02:16:02,,,,,,,,,,,,,,,,0.0,0.0,1.0,0.0,"in a capital note last week, i wrote about the debate over inflation (coming or not?). with the minor exception of a $1.9 trillion spending package now passed into law, not much has changed since the… [+37877 chars]",,,,,,,,,,,,,,,,,,,,,,,,,,,,,,
4,2021-03-14 09:30:20,,,,,,,,,,,,,,,,0.0,0.0,1.0,0.0,"in a capital note last week, i wrote about the debate over inflation (coming or not?). with the minor exception of a $1.9 trillion spending package now passed into law, not much has changed since the… [+37877 chars]",,,,,,,,,,,,,,,,,,,,,,,,,,,,,,
5,2021-03-13 17:36:22,,,,,,,,,,,,,,,,0.0,0.0,1.0,0.0,"in a capital note last week, i wrote about the debate over inflation (coming or not?). with the minor exception of a $1.9 trillion spending package now passed into law, not much has changed since the… [+37877 chars]",,,,,,,,,,,,,,,,,,,,,,,,,,,,,,
6,2021-03-13 16:21:47,,,,,,,,,,,,,,,,0.0,0.0,1.0,0.0,"in a capital note last week, i wrote about the debate over inflation (coming or not?). with the minor exception of a $1.9 trillion spending package now passed into law, not much has changed since the… [+37879 chars]",,,,,,,,,,,,,,,,,,,,,,,,,,,,,,
7,2021-03-13 16:21:47,,,,,,,,,,,,,,,,-0.4215,0.078,0.922,0.0,"jpmorgan ceo jamie dimon in 2019(jeenah moon/reuters)
the week of march 8: bond worries, bidens binge, the cult of asceticism, and much, much more.in a capital note last week, i wrote about the deba… [+38150 chars]",,,,,,,,,,,,,,,,,,,,,,,,,,,,,,
8,2021-03-13 13:10:36,,,,,,,,,,,,,,,,0.0,0.0,1.0,0.0,"file - in this nov. 16, 2020 file photo a man wearing a mask passes the new york stock exchange in new york. time stood still for most of the world in 2020, as lockdown life had every day bleeding in… [+24333 chars]",,,,,,,,,,,,,,,,,,,,,,,,,,,,,,
9,2021-03-05 19:36:00,,,,,,,,,,,,,,,,0.7184,0.0,0.833,0.167,"shareholder advocacy groups that have long pushed for social change are asking social media companies, banking giants and other corporations that declared their commitment to racial justice in 2020 t… [+10735 chars]",,,,,,,,,,,,,,,,,,,,,,,,,,,,,,
10,2021-03-03 08:47:37,,,,,,,,,,,,,,,,0.7269,0.0,0.831,0.169,"u.s. equity futures are trading higher ahead of the wednesday wall street session as optimism about growth rises as president biden announced a vaccine plan.
the major futures indexes suggest a gain… [+3689 chars]",,,,,,,,,,,,,,,,,,,,,,,,,,,,,,
11,2021-02-26 16:16:17,,,,,,,,,,,,,,,,0.0,0.0,1.0,0.0,"by brian chappattafourth-quarter earnings are just about over, which means investors can officially turn their attention to 2021, a year that has long been synonymous with a return to pre-pandemic li… [+10726 chars]",,,,,,,,,,,,,,,,,,,,,,,,,,,,,,
12,2021-02-26 13:12:54,,,,,,,,,,,,,,,,0.0,0.0,1.0,0.0,"(bloomberg opinion) -- fourth-quarter earnings are just about over, which means investors can officially turn their attention to 2021, a year that has long been synonymous with a return to pre-pandem… [+11024 chars]",,,,,,,,,,,,,,,,,,,,,,,,,,,,,,
0,2021-03-15 04:05:06,,,,,,,,,,,,,,,,,,,,,0.0,0.0,1.0,0.0,"we are living through a stock buyback revolution. over the last decade, the amount that u.s. public firms have spent on buying back stock from their shareholders rose threefold to a record level of r… [+7679 chars]",,,,,,,,,,,,,,,,,,,,,,,,,
0,2021-03-14 22:48:10,,,,,,,,,,,,,,,,,,,,,,,,,,0.2732,0.063,0.818,0.119,beijing accuses the u.k. of slander over hong kong comments. goldman sachs's ceo and his particular leadership style spark angst. china is set to report roaring economic growth. here's what people in… [+5020 chars],,,,,,,,,,,,,,,,,,,,
1,2021-03-09 09:53:00,,,,,,,,,,,,,,,,,,,,,,,,,,0.743,0.0,0.819,0.181,"global stocks steadied on tuesday, supported by stronger u.s. equity futures and a decline in u.s. and european bond yields.
in europe, the euro stoxx 600 was up 0.1% after a gains on monday that li… [+3737 chars]",,,,,,,,,,,,,,,,,,,,
2,2021-03-09 09:25:38,,,,,,,,,,,,,,,,,,,,,,,,,,0.5994,0.0,0.86,0.14,"by tom arnold and paulina duran
london/sydney (reuters) - global stocks steadied on tuesday, supported by stronger u.s. equity futures and a decline in u.s. and european bond yields.
in europe, the… [+3796 chars]",,,,,,,,,,,,,,,,,,,,
3,2021-03-09 06:25:19,,,,,,,,,,,,,,,,,,,,,,,,,,-0.4939,0.149,0.788,0.062,"sydney: asian stocks recovered from earlier losses on tuesday, lifted by firmer u.s. equity futures and central bank comments aimed at soothing fears about rising bond yields and inflation.
a pullba… [+4614 chars]",,,,,,,,,,,,,,,,,,,,
4,2021-03-09 04:15:31,,,,,,,,,,,,,,,,,,,,,,,,,,-0.4215,0.131,0.812,0.058,sydney/new york: asian stocks were lower on tuesday as rising bond yields impacted tech shares and company valuations in china and korea and investors grappled with their inflation fears as the unite… [+3627 chars],,,,,,,,,,,,,,,,,,,,
5,2021-03-09 00:09:00,,,,,,,,,,,,,,,,,,,,,,,,,,-0.4939,0.149,0.788,0.062,"sydney (reuters) - asian stocks recovered from earlier losses on tuesday, lifted by firmer u.s. equity futures and central bank comments aimed at soothing fears about rising bond yields and inflation… [+4415 chars]",,,,,,,,,,,,,,,,,,,,
6,2021-03-09 00:09:00,,,,,,,,,,,,,,,,,,,,,,,,,,-0.25,0.126,0.805,0.069,"* msci asia-pacific ex-japan 0.79% lower
* chinas shenzhen csi 300 0.9% lower
* dollar gains on euro, yen as u.s. yields race ahead
* nasdaq falls 2.4%, confirming correction
sydney/new york, mar… [+3469 chars]",,,,,,,,,,,,,,,,,,,,
7,2021-02-26 15:21:46,,,,,,,,,,,,,,,,,,,,,,,,,,0.0,0.0,1.0,0.0,"the foundations of a return to office are being laid, the latest job advertisement data has shown, with 60 per cent of remote roles are now temporary.
data by job advertising site indeed found more … [+2151 chars]",,,,,,,,,,,,,,,,,,,,
8,2021-02-26 15:09:43,,,,,,,,,,,,,,,,,,,,,,,,,,-0.4939,0.171,0.746,0.083,"welcome to the capital note, a newsletter about business, finance, and economics. on the menu today: inflation fears deflate stocks, from pipeline to railroad, chinas (latest) green-jobs threat, work… [+15561 chars]",,,,,,,,,,,,,,,,,,,,
9,2021-02-26 15:09:43,,,,,,,,,,,,,,,,,,,,,,,,,,0.0516,0.083,0.828,0.089,"(igor kutyaev/getty images)
welcome to the capital note, a newsletter about business, finance, and economics. on the menu today: inflation fears deflate stocks, from pipeline to railroad, chinas (la… [+15563 chars]",,,,,,,,,,,,,,,,,,,,
10,2021-02-26 11:00:00,,,,,,,,,,,,,,,,,,,,,,,,,,0.4215,0.0,0.928,0.072,"for much of the last year, chatter amongst business leaders has been on the “new normal” and how weve adapted to it.
businesses of all shapes and sizes have quickly and comfortably adjusted to a zoo… [+4752 chars]",,,,,,,,,,,,,,,,,,,,
11,2021-02-19 16:33:55,,,,,,,,,,,,,,,,,,,,,,,,,,0.296,0.072,0.799,0.129,"london: a strong start for world equities in 2021 after the fastest bear-to-bull market switch last year has prompted market mavens to flag worries about pricey assets, with bofa calling it the ""moth… [+3281 chars]",,,,,,,,,,,,,,,,,,,,
12,2021-02-19 14:20:17,,,,,,,,,,,,,,,,,,,,,,,,,,0.296,0.072,0.799,0.129,"london: a strong start for world equities in 2021 after the fastest bear-to-bull market switch last year has prompted market mavens to flag worries about pricey assets, with bofa calling it the ""moth… [+4393 chars]",,,,,,,,,,,,,,,,,,,,
13,2021-02-19 13:37:34,,,,,,,,,,,,,,,,,,,,,,,,,,0.0772,0.091,0.809,0.099,"file photo: bull and bear symbols for successful and bad trading are seen in front of the german stock exchange (deutsche boerse) in frankfurt, germany, february 12, 2019. reuters/kai pfaffenbach
mi… [+4055 chars]",,,,,,,,,,,,,,,,,,,,
14,2021-02-19 13:34:00,,,,,,,,,,,,,,,,,,,,,,,,,,0.296,0.074,0.794,0.132,"london (reuters) - a strong start for world equities in 2021 after the fastest bear-to-bull market switch last year has prompted market mavens to flag worries about pricey assets, with bofa calling i… [+3796 chars]",,,,,,,,,,,,,,,,,,,,
0,2021-02-28 16:26:00,,,,,,,,,,,,,,,,,,,,,,,,,,,,,,,0.0,0.0,1.0,0.0,"citigroup
 is brokenbut the u.s. banking giant finally might have found the woman to fix it.when jane fraser becomes ceo of citigroup on march 1, she will find herself simultaneously in the most and… [+7232 chars]",,,,,,,,,,,,,,,
0,2021-03-18 07:59:13,,,,,,,,,,,,,,,,,,,,,,,,,,,,,,,,,,,,0.6705,0.0,0.864,0.136,"the us economy is heading for its strongest growth in nearly 40 years, the federal reserve said on wednesday, and central bank policymakers are pledging to keep their foot on the gas despite an expec… [+4514 chars]",,,,,,,,,,
1,2021-03-18 07:08:49,,,,,,,,,,,,,,,,,,,,,,,,,,,,,,,,,,,,-0.128,0.133,0.776,0.091,"summary
south africa was one of the 1990s iconic cases of democratization. yet starting in the mid-2000s, the country began to experience a disruptive collision between its strong political institut… [+205622 chars]",,,,,,,,,,
2,2021-03-18 04:21:55,,,,,,,,,,,,,,,,,,,,,,,,,,,,,,,,,,,,0.6705,0.0,0.864,0.136,"the us economy is heading for its strongest growth in nearly 40 years, the federal reserve said on wednesday, and central bank policymakers are pledging to keep their foot on the gas despite an expec… [+4386 chars]",,,,,,,,,,
3,2021-03-18 01:53:26,,,,,,,,,,,,,,,,,,,,,,,,,,,,,,,,,,,,0.6705,0.0,0.864,0.136,"the us economy is heading for its strongest growth in nearly 40 years, the federal reserve said on wednesday, and central bank policymakers are pledging to keep their foot on the gas despite an expec… [+4378 chars]",,,,,,,,,,
4,2021-03-18 01:50:22,,,,,,,,,,,,,,,,,,,,,,,,,,,,,,,,,,,,0.4588,0.0,0.912,0.088,"a year after initiating zero interest rates in response to covid, the feds long-term outlook still doesnt show it thinking about thinking about getting less accommodative with its policy before 2023.… [+9107 chars]",,,,,,,,,,
5,2021-03-18 01:31:00,,,,,,,,,,,,,,,,,,,,,,,,,,,,,,,,,,,,0.6705,0.0,0.849,0.151,"by howard schneider and ann saphir
washington (reuters) - the u.s. economy is heading for its strongest growth in nearly 40 years, the federal reserve said on wednesday, and central bank policymaker… [+4772 chars]",,,,,,,,,,
6,2021-03-18 00:30:00,,,,,,,,,,,,,,,,,,,,,,,,,,,,,,,,,,,,0.6249,0.0,0.79,0.21,"australian dollar, aud/usd, jobs report, fomc, technical analysis – market alert
<ul><li>australian dollar extends recent gains on blowout jobs data</li><li>improving market sentiment after fomc may… [+3370 chars]",,,,,,,,,,
7,2021-03-17 23:50:18,,,,,,,,,,,,,,,,,,,,,,,,,,,,,,,,,,,,0.6705,0.0,0.861,0.139,"washington: the us economy is heading for its strongest growth in nearly 40 years, the federal reserve said on wednesday (mar 17), and central bank policymakers are pledging to keep their foot on the… [+4592 chars]",,,,,,,,,,
8,2021-03-17 19:42:01,,,,,,,,,,,,,,,,,,,,,,,,,,,,,,,,,,,,0.3182,0.0,0.891,0.109,"getty images
getty images
key takeaways:
<ul><li>fed leaves rates unchanged, sees improving economy</li><li>more fed officials see chances for rate hike in 2022, but median estimate is 2023</li><l… [+9216 chars]",,,,,,,,,,
9,2021-03-16 23:34:32,,,,,,,,,,,,,,,,,,,,,,,,,,,,,,,,,,,,-0.34,0.064,0.936,0.0,"if things get choppy today, you can probably blame the fed. their meeting gets underway soon and we could have a bit of turbulence between now and tomorrow afternoon when fed chairman jerome powell a… [+11729 chars]",,,,,,,,,,
10,2021-03-16 17:50:42,,,,,,,,,,,,,,,,,,,,,,,,,,,,,,,,,,,,-0.34,0.079,0.921,0.0,"predictably, conservatives are once again warning about inflation. this happens every time a democrat takes officeeven if he merely continues the identical policies of his republican predecessor.
un… [+11985 chars]",,,,,,,,,,
11,2021-03-16 13:16:06,,,,,,,,,,,,,,,,,,,,,,,,,,,,,,,,,,,,0.0,0.0,1.0,0.0,"getty images
getty images
key takeaways:
<ul><li>fed meeting begins today amid sharp focus on inflation, yields</li><li>mixed tone overnight might carry through into session as fed awaited</li><li… [+11605 chars]",,,,,,,,,,
12,2021-03-16 11:20:00,,,,,,,,,,,,,,,,,,,,,,,,,,,,,,,,,,,,-0.3802,0.125,0.816,0.059,"stressed under pressure concept
getty
one group of funds is doing something very unusual right now: theyre raising their dividends by double digits! and those huge hikes have driven the yields on s… [+4093 chars]",,,,,,,,,,
13,2021-03-15 21:20:21,,,,,,,,,,,,,,,,,,,,,,,,,,,,,,,,,,,,0.0,0.0,1.0,0.0,"logos lp commentary for the month of march 2021, discussing the nature of long-term shareholding.
get the full walter schloss series in pdf
get the entire 10-part series on walter schloss in pdf. s… [+22744 chars]",,,,,,,,,,
14,2021-03-15 18:26:51,,,,,,,,,,,,,,,,,,,,,,,,,,,,,,,,,,,,-0.5423,0.129,0.827,0.044,"at this point, a reasonable person would be forced to admit
that a prediction of high inflation made in 2010 was based on faulty theory.
yet, few of those who signed the letter to bernanke owned up… [+5324 chars]",,,,,,,,,,
15,2021-03-15 14:14:49,,,,,,,,,,,,,,,,,,,,,,,,,,,,,,,,,,,,0.0,0.0,1.0,0.0,"in a capital note last week, i wrote about the debate over inflation (coming or not?). with the minor exception of a $1.9 trillion spending package now passed into law, not much has changed since the… [+37877 chars]",,,,,,,,,,
16,2021-03-15 13:17:52,,,,,,,,,,,,,,,,,,,,,,,,,,,,,,,,,,,,-0.2263,0.058,0.942,0.0,"getty images
getty images
key takeaways:
<ul><li>busy week ahead as fed prepares to meet and retail sales loom tomorrow</li><li>nike 
 nke
 and fedex 
 fdx
 lead the list of key companies set … [+12320 chars]",,,,,,,,,,
17,2021-03-15 09:00:08,,,,,,,,,,,,,,,,,,,,,,,,,,,,,,,,,,,,0.0772,0.0,0.968,0.032,"[music playing] (singing) when you walk in the room do you have sway.
kara swisher
im kara swisher and youre listening to sway. if you want to know who the pope, bill gates, and aoc are turning to … [+51348 chars]",,,,,,,,,,
18,2021-03-15 08:10:25,,,,,,,,,,,,,,,,,,,,,,,,,,,,,,,,,,,,0.7906,0.0,0.784,0.216,"the end of the pandemic means that money has begun rotating from growth to value.


 concerns about rising interest rates have caused the tech bubble to significantly deflate.
 <ul><li>the tech-do… [+21901 chars]",,,,,,,,,,
19,2021-03-15 04:05:06,,,,,,,,,,,,,,,,,,,,,,,,,,,,,,,,,,,,0.0,0.0,1.0,0.0,"we are living through a stock buyback revolution. over the last decade, the amount that u.s. public firms have spent on buying back stock from their shareholders rose threefold to a record level of r… [+7679 chars]",,,,,,,,,,
20,2021-03-15 02:37:00,,,,,,,,,,,,,,,,,,,,,,,,,,,,,,,,,,,,0.3612,0.0,0.93,0.07,"we would like to initiate our coverage of ishares core msci emerging markets etf (iemg), which is one of the largest emerging-market related etfs available to retail investors. worldwide media has be… [+16808 chars]",,,,,,,,,,
21,2021-03-15 02:16:02,,,,,,,,,,,,,,,,,,,,,,,,,,,,,,,,,,,,0.0,0.0,1.0,0.0,"in a capital note last week, i wrote about the debate over inflation (coming or not?). with the minor exception of a $1.9 trillion spending package now passed into law, not much has changed since the… [+37877 chars]",,,,,,,,,,
22,2021-03-14 10:54:00,,,,,,,,,,,,,,,,,,,,,,,,,,,,,,,,,,,,0.9169,0.0,0.683,0.317,"preface. i was fortunate enough to know walter for 15 years. he became a friend and mentor, helping me learn to become a better science writer, and sending me material i might be interested in, and d… [+74322 chars]",,,,,,,,,,
23,2021-03-14 09:30:20,,,,,,,,,,,,,,,,,,,,,,,,,,,,,,,,,,,,0.0,0.0,1.0,0.0,"in a capital note last week, i wrote about the debate over inflation (coming or not?). with the minor exception of a $1.9 trillion spending package now passed into law, not much has changed since the… [+37877 chars]",,,,,,,,,,
24,2021-03-14 01:10:00,,,,,,,,,,,,,,,,,,,,,,,,,,,,,,,,,,,,0.2023,0.075,0.829,0.097,"in the hands appears with a dollar sign concept design.
getty
the chicken littles fretting about inflation are ignoring something: the bonus $2.9 trillion thats primed to ignite stocksone group of … [+4059 chars]",,,,,,,,,,
25,2021-03-13 17:36:22,,,,,,,,,,,,,,,,,,,,,,,,,,,,,,,,,,,,0.0,0.0,1.0,0.0,"in a capital note last week, i wrote about the debate over inflation (coming or not?). with the minor exception of a $1.9 trillion spending package now passed into law, not much has changed since the… [+37877 chars]",,,,,,,,,,
26,2021-03-13 16:21:47,,,,,,,,,,,,,,,,,,,,,,,,,,,,,,,,,,,,0.0,0.0,1.0,0.0,"in a capital note last week, i wrote about the debate over inflation (coming or not?). with the minor exception of a $1.9 trillion spending package now passed into law, not much has changed since the… [+37879 chars]",,,,,,,,,,
27,2021-03-13 16:21:47,,,,,,,,,,,,,,,,,,,,,,,,,,,,,,,,,,,,-0.4215,0.078,0.922,0.0,"jpmorgan ceo jamie dimon in 2019(jeenah moon/reuters)
the week of march 8: bond worries, bidens binge, the cult of asceticism, and much, much more.in a capital note last week, i wrote about the deba… [+38150 chars]",,,,,,,,,,
28,2021-03-13 12:42:40,,,,,,,,,,,,,,,,,,,,,,,,,,,,,,,,,,,,0.0,0.0,1.0,0.0,"listen on the go! a daily podcast of wall street breakfast's alpha talks will be available this morning on seeking alpha, itunes, stitcher and spotify.


 
 
 

 

 
more wall street breakfast pod… [+12085 chars]",,,,,,,,,,
29,2021-03-12 19:35:05,,,,,,,,,,,,,,,,,,,,,,,,,,,,,,,,,,,,0.2732,0.0,0.938,0.062,"this was a week of big news for the cannabis industry. curaleaf holdings inc. (otcqx: curlf) agreed to acquire one of europes largest cannabis companies, emmac life sciences, for approximately $286 m… [+11789 chars]",,,,,,,,,,
30,2021-03-12 14:49:43,,,,,,,,,,,,,,,,,,,,,,,,,,,,,,,,,,,,-0.1027,0.042,0.958,0.0,"overview
 the global capital markets are reversing hard into the weekend. yesterday's rally lifted us benchmarks to a record high fizzled even though most asia pacific markets (with hong kong and in… [+11984 chars]",,,,,,,,,,
31,2021-03-12 12:39:00,,,,,,,,,,,,,,,,,,,,,,,,,,,,,,,,,,,,0.0,0.06,0.879,0.06,"stock-index futures were lower friday, with tech-related shares set to lead the slide as bond yields continue to rise, a day after the dow jones industrial average and s&amp;p 500 closed at records.… [+3309 chars]",,,,,,,,,,
32,2021-03-12 12:17:00,,,,,,,,,,,,,,,,,,,,,,,,,,,,,,,,,,,,-0.4588,0.081,0.919,0.0,"a visitor in front of the wall street bull, a bronze sculpture in the financial district of manhattan new york, may 19, 2020.
a year after the pandemic forced the nation into a shutdown, the stock m… [+8383 chars]",,,,,,,,,,
33,2021-03-12 02:48:15,,,,,,,,,,,,,,,,,,,,,,,,,,,,,,,,,,,,-0.4215,0.076,0.924,0.0,"hong kong (afp)
asian markets mostly rose friday following more records in new york and wall street after joe biden finally signed his enormous stimulus into law, while fears over inflation and a po… [+3600 chars]",,,,,,,,,,
34,2021-03-12 02:47:29,,,,,,,,,,,,,,,,,,,,,,,,,,,,,,,,,,,,0.0516,0.074,0.847,0.079,"asian markets mostly rose friday following more records in new york and wall street after joe biden finally signed his enormous stimulus into law, while fears over inflation and a possible interest r… [+3578 chars]",,,,,,,,,,
35,2021-03-11 17:46:00,,,,,,,,,,,,,,,,,,,,,,,,,,,,,,,,,,,,0.6808,0.05,0.742,0.208,"with another round of federal stimulus on the way and expectations for solid growth for the u.s. economy this year, value stocks have been rallying. stocks with low valuations tend to do well during … [+6570 chars]",,,,,,,,,,
36,2021-03-11 14:51:54,,,,,,,,,,,,,,,,,,,,,,,,,,,,,,,,,,,,0.3182,0.074,0.774,0.152,"key takeaways:
<ul><li>european central bank vows to increase bond purchases, putting pressure on yields</li><li>oracle 
 orcl
 shares fall after earnings beat, with focus on guidance</li><li>init… [+10859 chars]",,,,,,,,,,
37,2021-03-11 11:31:00,,,,,,,,,,,,,,,,,,,,,,,,,,,,,,,,,,,,0.3182,0.033,0.896,0.072,"stock-index futures traded higher thursday, signaling further gains for the dow jones industrial average a day after the blue-chip gauge closed at an all-time high, as investors awaited weekly data o… [+3380 chars]",,,,,,,,,,
38,2021-03-11 10:05:00,,,,,,,,,,,,,,,,,,,,,,,,,,,,,,,,,,,,0.6597,0.031,0.787,0.183,"by joe wallace 
stock futures advanced thursday, indicating that shares of giant technology companies would push higher at the opening bell as investors awaited a fresh reading on the labor market. … [+4044 chars]",,,,,,,,,,
39,2021-03-10 19:27:26,,,,,,,,,,,,,,,,,,,,,,,,,,,,,,,,,,,,0.5574,0.0,0.882,0.118,"introduction
 markets are experiencing volatility on largely priced-in events: expected economic recovery, positive vaccine news, and large stimulus packages. this sell-off caused the yield curve to… [+10487 chars]",,,,,,,,,,
40,2021-03-10 12:47:50,,,,,,,,,,,,,,,,,,,,,,,,,,,,,,,,,,,,0.5106,0.0,0.92,0.08,"liveupdated march 10, 2021, 7:44 a.m. et
march 10, 2021, 7:44 a.m. et
heres what you need to know:
the american rescue plan, which was passed by the senate over the weekend and is now back before … [+12116 chars]",,,,,,,,,,
41,2021-03-10 12:12:56,,,,,,,,,,,,,,,,,,,,,,,,,,,,,,,,,,,,0.5562,0.0,0.907,0.093,"listen on the go! a daily podcast of wall street breakfast will be available by 8:00 a.m. on seeking alpha, itunes, stitcher and spotify.
the american rescue plan
congress is set to give the final … [+11117 chars]",,,,,,,,,,
42,2021-03-09 13:13:00,,,,,,,,,,,,,,,,,,,,,,,,,,,,,,,,,,,,0.4756,0.13,0.663,0.206,"tech stocks are back, for now.things havent been looking good for richly valued growth stocks. mondays 2.4% tech wreck pushed the 
 nasdaq composite
 into correction territory, with the benchmark t… [+10040 chars]",,,,,,,,,,
43,2021-03-09 09:00:23,,,,,,,,,,,,,,,,,,,,,,,,,,,,,,,,,,,,0.0,0.0,1.0,0.0,"its the last weekend of the month, so di leshea scotts saturday begins with a long wait at the post office to get a money order for her rent. from there, she drives north to hand-deliver it at a drab… [+18000 chars]",,,,,,,,,,
44,2021-03-08 01:30:00,,,,,,,,,,,,,,,,,,,,,,,,,,,,,,,,,,,,0.5106,0.0,0.883,0.117,"s&amp;p 500, hang seng, asx 200, asia-pacific market weekly outlook:
<ul><li>wall street equities rebounded on strong non-farm payrolls report, retreating yields</li><li>senate democrats passed a $1… [+6478 chars]",,,,,,,,,,
45,2021-03-07 22:25:40,,,,,,,,,,,,,,,,,,,,,,,,,,,,,,,,,,,,0.7845,0.055,0.723,0.222,"it was another unsettled week for notably synchronized global markets. the week began with a decent bout of hope. the s&amp;p 500 rallied 2.8% in monday trading, ""its strongest one-day gain since jun… [+71904 chars]",,,,,,,,,,
46,2021-03-07 18:24:10,,,,,,,,,,,,,,,,,,,,,,,,,,,,,,,,,,,,0.0,0.0,1.0,0.0,"copper is often seen as a leading barometer for global economic health. when the covid-19 outbreak hit china and subsequently spread across the globe, copper spot prices fell from $2.86/pound in mid-… [+22798 chars]",,,,,,,,,,
47,2021-03-06 20:34:08,,,,,,,,,,,,,,,,,,,,,,,,,,,,,,,,,,,,0.9169,0.028,0.718,0.253,"in this article, we shared our list of the 11 best oil tanker stocks to buy now. you can skip our analysis of the oil tanker industry and its demand growth and go to 5 best oil tanker stocks to buy n… [+13648 chars]",,,,,,,,,,
48,2021-03-06 17:16:12,,,,,,,,,,,,,,,,,,,,,,,,,,,,,,,,,,,,0.5423,0.0,0.907,0.093,"the fondness of the biden administration for rule by regulation is hardly a secret by now, and, when it comes to telling corporations that they should run themselves according to the precepts of stak… [+39138 chars]",,,,,,,,,,
49,2021-03-06 13:07:02,,,,,,,,,,,,,,,,,,,,,,,,,,,,,,,,,,,,0.5423,0.0,0.907,0.093,"the fondness of the biden administration for rule by regulation is hardly a secret by now, and, when it comes to telling corporations that they should run themselves according to the precepts of stak… [+39319 chars]",,,,,,,,,,
0,2021-03-18 17:45:00,,,,,,,,,,,,,,,,,,,,,,,,,,,,,,,,,,,,,,,,,0.5574,0.059,0.782,0.159,"* 10-yr u.s. yield tops 1.75% as investors digest fed
* s&amp;p 500 drops, tech-heavy nasdaq slumps
* msci global index little changed as europes stoxx gains
* dollar recovers from post-fed drop, … [+2895 chars]",,,,,
1,2021-03-18 17:39:37,,,,,,,,,,,,,,,,,,,,,,,,,,,,,,,,,,,,,,,,,-0.7189,0.18,0.82,0.0,"photo by mark makela/getty images news via getty images
the fed gave the equity market exactly what it wanted, lower for as long as possible. unfortunately, the bond market doesn't seem as pleased, … [+6400 chars]",,,,,
2,2021-03-18 17:25:21,,,,,,,,,,,,,,,,,,,,,,,,,,,,,,,,,,,,,,,,,0.3818,0.0,0.918,0.082,"<ul><li>usd/jpy continues to consolidate close to the 109.00 level.</li><li>higher us bond yields mean the dollar is the best performing g10 currency, but the yen is holding up well.</li><li>risk-off… [+2322 chars]",,,,,
3,2021-03-18 17:22:13,,,,,,,,,,,,,,,,,,,,,,,,,,,,,,,,,,,,,,,,,0.0,0.0,1.0,0.0,"london stocks turned a corner as news started to come out of the us on thursday afternoon.
after trading down all day, the ftse 100 index of the capitals biggest companies flipped its fortunes at ar… [+3391 chars]",,,,,
4,2021-03-18 17:16:08,,,,,,,,,,,,,,,,,,,,,,,,,,,,,,,,,,,,,,,,,0.6808,0.0,0.833,0.167,"baron opportunity fund recently published its fourth-quarter commentary a copy of which can be downloaded here. during the fourth quarter of 2020, the baron opportunity fund returned 23.02% (institut… [+3344 chars]",,,,,
5,2021-03-18 16:55:00,,,,,,,,,,,,,,,,,,,,,,,,,,,,,,,,,,,,,,,,,0.4767,0.0,0.88,0.12,"fed chairman jerome powell.
pool/getty images
borrowing costs quickly picked up pace thursday as the benchmark 10-year treasury note yield surged to a fresh 14- month high, with the move pressuring… [+2265 chars]",,,,,
6,2021-03-18 16:48:00,,,,,,,,,,,,,,,,,,,,,,,,,,,,,,,,,,,,,,,,,0.34,0.061,0.816,0.122,"only a day after analysts had hailed the victory of the federal reserve over traders doubting the central banks pledge to keep monetary policy easy for an extended period, bond yields rose sharply on… [+4938 chars]",,,,,
7,2021-03-18 16:37:17,,,,,,,,,,,,,,,,,,,,,,,,,,,,,,,,,,,,,,,,,0.0,0.0,1.0,0.0,"photo by panuwat sikham/istock via getty images
voyager digital (otcqb:vygvf) is a smaller cap that gives investors exposure to the bitcoin and crypto trading trend at a reasonable valuation. the co… [+22409 chars]",,,,,
8,2021-03-18 16:26:53,,,,,,,,,,,,,,,,,,,,,,,,,,,,,,,,,,,,,,,,,-0.2263,0.061,0.939,0.0,"artisan partners limited partnership, a high value-added investment management firm, published its artisan mid cap fund fourth quarter 2020 investor letter a copy of which can be downloaded here. a r… [+3484 chars]",,,,,
9,2021-03-18 16:18:25,,,,,,,,,,,,,,,,,,,,,,,,,,,,,,,,,,,,,,,,,-0.2263,0.061,0.939,0.0,"artisan partners limited partnership, a high value-added investment management firm, published its artisan mid cap fund fourth quarter 2020 investor letter a copy of which can be downloaded here. a r… [+3364 chars]",,,,,
10,2021-03-18 16:17:23,,,,,,,,,,,,,,,,,,,,,,,,,,,,,,,,,,,,,,,,,-0.2263,0.061,0.939,0.0,"artisan partners limited partnership, a high value-added investment management firm, published its artisan mid cap fund fourth quarter 2020 investor letter a copy of which can be downloaded here. a r… [+3442 chars]",,,,,
11,2021-03-18 16:15:42,,,,,,,,,,,,,,,,,,,,,,,,,,,,,,,,,,,,,,,,,-0.2263,0.061,0.939,0.0,"artisan partners limited partnership, a high value-added investment management firm, published its artisan mid cap fund fourth quarter 2020 investor letter a copy of which can be downloaded here. a r… [+4212 chars]",,,,,
12,2021-03-18 16:14:32,,,,,,,,,,,,,,,,,,,,,,,,,,,,,,,,,,,,,,,,,-0.2263,0.061,0.939,0.0,"artisan partners limited partnership, a high value-added investment management firm, published its artisan mid cap fund fourth quarter 2020 investor letter a copy of which can be downloaded here. a r… [+4238 chars]",,,,,
13,2021-03-18 16:13:35,,,,,,,,,,,,,,,,,,,,,,,,,,,,,,,,,,,,,,,,,-0.2263,0.061,0.939,0.0,"artisan partners limited partnership, a high value-added investment management firm, published its artisan mid cap fund fourth quarter 2020 investor letter a copy of which can be downloaded here. a r… [+3424 chars]",,,,,
14,2021-03-18 16:12:31,,,,,,,,,,,,,,,,,,,,,,,,,,,,,,,,,,,,,,,,,-0.2263,0.061,0.939,0.0,"artisan partners limited partnership, a high value-added investment management firm, published its artisan mid cap fund fourth quarter 2020 investor letter a copy of which can be downloaded here. a r… [+3788 chars]",,,,,
15,2021-03-18 16:09:48,,,,,,,,,,,,,,,,,,,,,,,,,,,,,,,,,,,,,,,,,-0.2263,0.061,0.939,0.0,"artisan partners limited partnership, a high value-added investment management firm, published its artisan mid cap fund fourth quarter 2020 investor letter a copy of which can be downloaded here. a r… [+3577 chars]",,,,,
16,2021-03-18 16:08:38,,,,,,,,,,,,,,,,,,,,,,,,,,,,,,,,,,,,,,,,,-0.2263,0.061,0.939,0.0,"artisan partners limited partnership, a high value-added investment management firm, published its artisan mid cap fund fourth quarter 2020 investor letter a copy of which can be downloaded here. a r… [+4025 chars]",,,,,
17,2021-03-18 16:08:13,,,,,,,,,,,,,,,,,,,,,,,,,,,,,,,,,,,,,,,,,0.7184,0.0,0.846,0.154,reuters: the s&amp;p 500 eased from a record high on thursday while the tech-heavy nasdaq shed more than 1per cent as a spike in u.s. bond yields accelerated a move out of pandemic winner tech stocks… [+3121 chars],,,,,
18,2021-03-18 16:06:28,,,,,,,,,,,,,,,,,,,,,,,,,,,,,,,,,,,,,,,,,-0.2263,0.061,0.939,0.0,"artisan partners limited partnership, a high value-added investment management firm, published its artisan mid cap fund fourth quarter 2020 investor letter a copy of which can be downloaded here. a r… [+3862 chars]",,,,,
19,2021-03-18 16:05:09,,,,,,,,,,,,,,,,,,,,,,,,,,,,,,,,,,,,,,,,,0.9062,0.0,0.74,0.26,"a reader asks:
ben, in your writings you tend to lean to the hopeful and positive side of the future, at least it seems. then you have folks like ray dalio &amp; many other respectable figures who a… [+8369 chars]",,,,,
20,2021-03-18 15:55:30,,,,,,,,,,,,,,,,,,,,,,,,,,,,,,,,,,,,,,,,,0.4767,0.0,0.876,0.124,"<ul><li>a rise in us government bond yields brought a quick end thursday to a stocks rally.</li><li>fed policymakers forecast the world's top economy to expand 6.5% this year, a full two percentage p… [+3145 chars]",,,,,
21,2021-03-18 15:49:10,,,,,,,,,,,,,,,,,,,,,,,,,,,,,,,,,,,,,,,,,0.2023,0.0,0.95,0.05,"the dow jones industrial average rallied more than 150 points thursday, while tech stocks sold off as treasury yields spiked. apple and tesla stock tumbled in morning trade, while dow jones leader ni… [+6339 chars]",,,,,
22,2021-03-18 15:47:03,,,,,,,,,,,,,,,,,,,,,,,,,,,,,,,,,,,,,,,,,0.6908,0.0,0.836,0.164,"* 10-yr u.s. yield tops 1.75% as investors digest fed
* s&amp;p 500 drops, tech-heavy nasdaq slumps
* msci global index little changed as europe's stoxx gains
* dollar recovers from post-fed drop,… [+3170 chars]",,,,,
23,2021-03-18 15:38:50,,,,,,,,,,,,,,,,,,,,,,,,,,,,,,,,,,,,,,,,,0.0,0.0,1.0,0.0,"philadelphia – nationally syndicated host and biblical investing authoritydancelia discusses jerome powell‘s comments at the press conference yesterday.
get the full henry singleton series in pdf
g… [+1975 chars]",,,,,
24,2021-03-18 15:33:30,,,,,,,,,,,,,,,,,,,,,,,,,,,,,,,,,,,,,,,,,-0.0418,0.086,0.835,0.079,the fine print: the following comments are owned by whoever posted them. we are not responsible for them in any way.,,,,,
25,2021-03-18 14:38:30,,,,,,,,,,,,,,,,,,,,,,,,,,,,,,,,,,,,,,,,,0.0,0.0,1.0,0.0,"as i stated yesterday, if the fed wants to hold yields down, they will have to actually do something. they did not follow this course. they made numerous statements, but any actual action was missing… [+3684 chars]",,,,,
26,2021-03-18 14:35:14,,,,,,,,,,,,,,,,,,,,,,,,,,,,,,,,,,,,,,,,,0.296,0.0,0.939,0.061,reuters: the s&amp;p 500 eased from a record high on thursday while the tech-heavy nasdaq shed more than 1per cent as bond yields hit 14-month peak after the federal reserve pledged to tolerate infla… [+3417 chars],,,,,
27,2021-03-18 14:25:46,,,,,,,,,,,,,,,,,,,,,,,,,,,,,,,,,,,,,,,,,-0.296,0.061,0.939,0.0,"by david haggith 
chairman powell of the peoples bank of the ussa would have you believe inflation is no concern because the federales are in control. the bond vigilantes, with their pistols shoved … [+18461 chars]",,,,,
28,2021-03-18 14:23:36,,,,,,,,,,,,,,,,,,,,,,,,,,,,,,,,,,,,,,,,,0.0258,0.115,0.799,0.086,"<ul><li>gold is falling sharply after rising to march highs above $1,750.</li><li>xau/usd is testing key fibonacci support at $1,720.</li><li>next target on the downside is located at $1,700.</li></u… [+2328 chars]",,,,,
29,2021-03-18 14:17:08,,,,,,,,,,,,,,,,,,,,,,,,,,,,,,,,,,,,,,,,,-0.7269,0.169,0.831,0.0,"stocks dropped at the starting bell, then rapidly turned mixed thursday as rising bond yields, disappointing unemployment data and a spike in march manufacturing data fueled turbid early trade. new i… [+8538 chars]",,,,,
30,2021-03-18 14:02:00,,,,,,,,,,,,,,,,,,,,,,,,,,,,,,,,,,,,,,,,,0.7003,0.0,0.861,0.139,"you just dont do that in financial services, was the initial reaction to dave portnoys shenanigans. then everyone poked fun at the newby who didnt know the basics, like how you have to wait until a c… [+8827 chars]",,,,,
31,2021-03-18 13:57:47,,,,,,,,,,,,,,,,,,,,,,,,,,,,,,,,,,,,,,,,,0.2023,0.0,0.948,0.052,"the booming technology trade that helped lift the market to new highs during the pandemic continues to unwind thursday as treasury yields spike further on dovish comments from the federal reserve, wh… [+3334 chars]",,,,,
32,2021-03-18 13:54:00,,,,,,,,,,,,,,,,,,,,,,,,,,,,,,,,,,,,,,,,,0.0,0.0,1.0,0.0,record highs. record angst.such is the predicament of many investors as the stock market keeps rising higher and higher. the historic advance has left many investment accounts plump with unrealized g… [+3638 chars],,,,,
33,2021-03-18 13:37:20,,,,,,,,,,,,,,,,,,,,,,,,,,,,,,,,,,,,,,,,,0.6369,0.056,0.758,0.187,"by marc jones
london (reuters) - world share markets edged higher on thursday after the u.s. federal reserve promised to keep its support in place, though lower wall street futures and another rise … [+4357 chars]",,,,,
34,2021-03-18 13:32:00,,,,,,,,,,,,,,,,,,,,,,,,,,,,,,,,,,,,,,,,,-0.0258,0.119,0.764,0.117,"* wall street expected to dip as yields brush 1.75%
* european and asia supported by feds bullish view
* fed sees 2021 gdp growth of 6.5%, unemployment at 4.5%
* fed says will keep rates low throu… [+4346 chars]",,,,,
35,2021-03-18 13:22:56,,,,,,,,,,,,,,,,,,,,,,,,,,,,,,,,,,,,,,,,,0.4336,0.0,0.915,0.085,"getty images
getty images
key takeaways:
<ul><li>a day after fed gives long runway on rates, 10-year yield rallies to new 14-month high</li><li>strength in yields weighs most heavily on growth sto… [+11559 chars]",,,,,
36,2021-03-18 13:17:48,,,,,,,,,,,,,,,,,,,,,,,,,,,,,,,,,,,,,,,,,-0.0258,0.074,0.826,0.099,nasdaq and s&amp;p 500 futures fell thursday as the 10-year treasury yield surged to a 14-month high. the tech-heavy nasdaq reversed steep losses wednesday as treasury yields came off their highs of … [+7608 chars],,,,,
37,2021-03-18 13:10:24,,,,,,,,,,,,,,,,,,,,,,,,,,,,,,,,,,,,,,,,,-0.5267,0.115,0.885,0.0,reuters: the nasdaq was set to drop sharply at the open on thursday as bond yields hit 14-month highs after the federal reserve pledged to tolerate inflation and keep monetary policy loose through 20… [+3037 chars],,,,,
38,2021-03-18 12:50:34,,,,,,,,,,,,,,,,,,,,,,,,,,,,,,,,,,,,,,,,,0.8689,0.0,0.711,0.289,"new york: the prospect of higher u.s. treasury yields remains a central focus of investors, even after the federal reserve assured markets it would keep measures in place to support growth despite ex… [+4086 chars]",,,,,
39,2021-03-18 12:35:00,,,,,,,,,,,,,,,,,,,,,,,,,,,,,,,,,,,,,,,,,0.6249,0.0,0.872,0.128,"photo by nuthawut somsuk/istock via getty images
co-produced with beyond saving
 today, we are highlighting annaly capital management (nly), a mortgage reit with great tailwinds in today's economic… [+8881 chars]",,,,,
40,2021-03-18 12:31:13,,,,,,,,,,,,,,,,,,,,,,,,,,,,,,,,,,,,,,,,,-0.296,0.064,0.936,0.0,"u.s. stocks opened lower thursday, with the tech-heavy nasdaq down sharply, as bond yields spiked one day after a pivotal meeting of the federal reserve. the dow jones industrial average 
 djia,
 +… [+608 chars]",,,,,
41,2021-03-18 12:25:00,,,,,,,,,,,,,,,,,,,,,,,,,,,,,,,,,,,,,,,,,0.6705,0.0,0.817,0.183,"(recasts, updates yield moves)
new york, march 18 (reuters) - the prospect of higher u.s. treasury yields remains a central focus of investors, even after the federal reserve assured markets it woul… [+3280 chars]",,,,,
42,2021-03-18 12:12:08,,,,,,,,,,,,,,,,,,,,,,,,,,,,,,,,,,,,,,,,,0.7003,0.0,0.838,0.162,"u.s. stock futures fell, with investors selling government bonds and richly valued technology stocks, a day after the dow jones industrial average closed above 33,000 for the first time.s&amp;p 500 f… [+4203 chars]",,,,,
43,2021-03-18 11:58:33,,,,,,,,,,,,,,,,,,,,,,,,,,,,,,,,,,,,,,,,,0.0,0.0,1.0,0.0,"reagents
all reagents were from sigma (munich, germany) unless otherwise indicated. the sodium alginate (grindsted algph155, molecular weight = 140 kda, mannuronic to glucuronic (m:g) ratio = 1:5, v… [+11542 chars]",,,,,
44,2021-03-18 11:53:43,,,,,,,,,,,,,,,,,,,,,,,,,,,,,,,,,,,,,,,,,-0.2732,0.057,0.943,0.0,"by aditya raghunath
investing.com -- volatility in the equity market just refuses to go away. the last four trading sessions have seen the 
 bse sensex
 drop 4.02% from 51,279 on march 10 to 49,21… [+1614 chars]",,,,,
45,2021-03-18 11:38:54,,,,,,,,,,,,,,,,,,,,,,,,,,,,,,,,,,,,,,,,,0.4391,0.0,0.897,0.103,"here are the most important news, trends and analysis that investors need to start their trading day:
1. nasdaq, s&amp;p 500 futures hit by another jump in treasury yields
a man walks in front nasd… [+4416 chars]",,,,,
46,2021-03-18 11:36:25,,,,,,,,,,,,,,,,,,,,,,,,,,,,,,,,,,,,,,,,,0.7506,0.0,0.817,0.183,"world share markets edged higher on thursday after the us federal reserve promised to keep its support in place, though another rise in global bond yields and the dollar showed not everyone was convi… [+3889 chars]",,,,,
47,2021-03-18 11:33:00,,,,,,,,,,,,,,,,,,,,,,,,,,,,,,,,,,,,,,,,,0.1779,0.055,0.873,0.072,"by geoffrey smith
investing.com -- bond yields are on the rise again and putting pressure on tech stocks as the market digests the fed's dovish guidance. the bank of japan may relax its yield curve … [+4747 chars]",,,,,
48,2021-03-18 11:30:00,,,,,,,,,,,,,,,,,,,,,,,,,,,,,,,,,,,,,,,,,0.0,0.0,1.0,0.0,"kiev, ukraine - 2018/12/15: in this photo illustration, the mondelez international company logo ... [+] seen displayed on a smartphone. (photo illustration by igor golovniov/sopa images/lightrocket v… [+5910 chars]",,,,,
49,2021-03-18 11:05:33,,,,,,,,,,,,,,,,,,,,,,,,,,,,,,,,,,,,,,,,,0.0,0.0,1.0,0.0,reuters: nasdaq 100 futures fell more than 1per cent on thursday as bond yields jumped to 14-month highs after the federal reserve pledged to look past inflation for a while and keep monetary policy … [+1355 chars],,,,,
0,2021-03-18 10:13:31,,,,,,,,,,,,,,,,,,,,,,,,,,,,,,,,,,,,,,,,,,,,,,-0.5267,0.132,0.868,0.0,"photo by hapabapa/istock editorial via getty images
last summer, i started covering banks after i avoided this sector (banking and investment management) for a long time. and i am still torn: on the… [+14524 chars]"
1,2021-03-18 04:30:35,,,,,,,,,,,,,,,,,,,,,,,,,,,,,,,,,,,,,,,,,,,,,,0.5719,0.0,0.868,0.132,"(bloomberg) -- blackrock inc., the money manager thats made bold statements about climate change, now plans to press companies about their policies related to human rights, as well as biodiversity, d… [+2932 chars]"
2,2021-03-18 04:01:00,,,,,,,,,,,,,,,,,,,,,,,,,,,,,,,,,,,,,,,,,,,,,,0.5719,0.0,0.868,0.132,"(bloomberg) -- blackrock inc., the money manager thats made bold statements about climate change, now plans to press companies about their policies related to human rights, as well as biodiversity, d… [+3093 chars]"
3,2021-03-12 13:17:13,,,,,,,,,,,,,,,,,,,,,,,,,,,,,,,,,,,,,,,,,,,,,,0.0,0.0,1.0,0.0,"vaccines are being rolled out; in some places, people are eating in restaurants again; even some cinemas are opening up. a year after the world health organization declared covid-19 to be a pandemic,… [+12258 chars]"
4,2021-03-09 14:41:53,,,,,,,,,,,,,,,,,,,,,,,,,,,,,,,,,,,,,,,,,,,,,,0.0,0.0,1.0,0.0,james andrus is investment manager for the board governance and sustainability at the california public employees retirement system (calpers). this post is based on mr. andrus’ testimony before the u… [+26210 chars]
5,2021-03-05 16:24:00,,,,,,,,,,,,,,,,,,,,,,,,,,,,,,,,,,,,,,,,,,,,,,0.0,0.0,1.0,0.0,"sodas on shelves at a vons grocery store is pictured during the outbreak of the coronavirus disease (covid-19), in pasadena, california, u.s., june 10, 2020. reuters/mario anzuoni
new orleans (reute… [+5462 chars]"
6,2021-03-04 15:29:00,,,,,,,,,,,,,,,,,,,,,,,,,,,,,,,,,,,,,,,,,,,,,,-0.3182,0.063,0.937,0.0,"a recent survey by allianz life insurance of north america said that 68% of americans have retired earlier than they expected, up from 50% a year ago. the primary reasons were unexpected job loss and… [+4095 chars]"
7,2021-03-03 13:49:19,,,,,,,,,,,,,,,,,,,,,,,,,,,,,,,,,,,,,,,,,,,,,,0.0,0.0,1.0,0.0,rusty okelley iii is leader of the firms board &amp; ceo advisory partners; anthony goodman is a member of the board consulting and effectiveness practice; and laura sanderson is a consultant at russ… [+34922 chars]
8,2021-02-28 15:32:58,,,,,,,,,,,,,,,,,,,,,,,,,,,,,,,,,,,,,,,,,,,,,,0.8271,0.0,0.72,0.28,"green stocks are white hot. stocks poised to profit from an expected multi-decade transition to clean energy, renewable power, electric-powered transportation and zero pollution emissions have skyroc… [+15547 chars]"
9,2021-02-27 15:00:00,,,,,,,,,,,,,,,,,,,,,,,,,,,,,,,,,,,,,,,,,,,,,,-0.296,0.1,0.829,0.071,"for the longest time, the banking industry managed to position itself as an industry that has nothing to do with the climate crisis. banks have nurtured the narrative that as an industry that provide… [+6749 chars]"
10,2021-02-21 08:00:01,,,,,,,,,,,,,,,,,,,,,,,,,,,,,,,,,,,,,,,,,,,,,,0.4767,0.0,0.9,0.1,"going linux · show notes
2021 episodes:
feb 04 #403 · listener feedback 
updates on bills computers, linux compatibility, and trusted programs. we also have contributions about photography softwar… [+775464 chars]"
